kor_co_nm,fin_prdt_nm,join_way,loan_inci_expn,erly_rpay_fee,dly_rate,loan_lmt,mrtg_type_nm,rpay_type_nm,lend_rate_type_nm,lend_rate_min,lend_rate_max,lend_rate_avg,search_text
우리은행,우리아파트론,"영업점,모집인","- 인지세 : 해당세액의 50%(대출금액 5천만원 이하시 없음)
- 국민주택채권 매입 : 대출금액 × 120% × 1% × 채권할인율","- 고정금리 : 중도상환대출금×0.74%×잔존기간÷대출기간
- 변동금리 : 중도상환대출금×0.74%×잔존기간÷대출기간",,LTV 70%,아파트,만기일시상환방식,,3.89,5.29,,"상품명: 우리아파트론
금융회사: 우리은행
담보유형: 아파트
상환방식: 만기일시상환방식
금리유형: nan
최저금리: 3.89%
최고금리: 5.29%
평균금리: nan%
대출한도: LTV 70%
가입방법: 영업점,모집인
부대비용: - 인지세 : 해당세액의 50%(대출금액 5천만원 이하시 없음)
- 국민주택채권 매입 : 대출금액 × 120% × 1% × 채권할인율
중도상환수수료: - 고정금리 : 중도상환대출금×0.74%×잔존기간÷대출기간
- 변동금리 : 중도상환대출금×0.74%×잔존기간÷대출기간
연체금리: nan"
우리은행,우리부동산론,"영업점,모집인","- 인지세 : 해당세액의 50%(대출금액 5천만원 이하시 없음)
- 국민주택채권 매입 : 대출금액 × 120% × 1% × 채권할인율","- 고정금리 : 중도상환대출금×0.74%×잔존기간÷대출기간
- 변동금리 : 중도상환대출금×0.74%×잔존기간÷대출기간",,LTV 70%,아파트외,분할상환방식,,3.75,5.25,4.22,"상품명: 우리부동산론
금융회사: 우리은행
담보유형: 아파트외
상환방식: 분할상환방식
금리유형: nan
최저금리: 3.75%
최고금리: 5.25%
평균금리: 4.22%
대출한도: LTV 70%
가입방법: 영업점,모집인
부대비용: - 인지세 : 해당세액의 50%(대출금액 5천만원 이하시 없음)
- 국민주택채권 매입 : 대출금액 × 120% × 1% × 채권할인율
중도상환수수료: - 고정금리 : 중도상환대출금×0.74%×잔존기간÷대출기간
- 변동금리 : 중도상환대출금×0.74%×잔존기간÷대출기간
연체금리: nan"
한국스탠다드차타드은행,주택담보대출,"영업점,스마트폰","인지세 : 해당세액의 50% (대출금액 5천만원 이하 시 없음)
국민주택채권 매입 : 대출금액 * 110% * 1% * 채권할인율
화재보험료 : 아파트 및 주거용 오피스텔 외 물건지에 한함","조기상환원금 × 0.4% × [(3년-대출경과일수) / 3년]
매년 대출잔액의 10% 까지 중도상환수수료 면제",,"LTV 최대 80%
최대 대출한도 : 1,500백만원",아파트,분할상환방식,,4.57,5.12,4.27,"상품명: 주택담보대출
금융회사: 한국스탠다드차타드은행
담보유형: 아파트
상환방식: 분할상환방식
금리유형: nan
최저금리: 4.57%
최고금리: 5.12%
평균금리: 4.27%
대출한도: LTV 최대 80%
최대 대출한도 : 1,500백만원
가입방법: 영업점,스마트폰
부대비용: 인지세 : 해당세액의 50% (대출금액 5천만원 이하 시 없음)
국민주택채권 매입 : 대출금액 * 110% * 1% * 채권할인율
화재보험료 : 아파트 및 주거용 오피스텔 외 물건지에 한함
중도상환수수료: 조기상환원금 × 0.4% × [(3년-대출경과일수) / 3년]
매년 대출잔액의 10% 까지 중도상환수수료 면제
연체금리: nan"
아이엠뱅크,HYBRID 모기지론(생활),"영업점,모집인","1.인지세:해당세액의 50%
2.국민주택채권매입비용 : 대출금액×115%×1%×채권할인율",중도상환대출금액×0.51%×(3년-대출경과일수)÷3년(일수),,담보인정비율(LTV) 70%,아파트,분할상환방식,,3.61,4.71,4.08,"상품명: HYBRID 모기지론(생활)
금융회사: 아이엠뱅크
담보유형: 아파트
상환방식: 분할상환방식
금리유형: nan
최저금리: 3.61%
최고금리: 4.71%
평균금리: 4.08%
대출한도: 담보인정비율(LTV) 70%
가입방법: 영업점,모집인
부대비용: 1.인지세:해당세액의 50%
2.국민주택채권매입비용 : 대출금액×115%×1%×채권할인율
중도상환수수료: 중도상환대출금액×0.51%×(3년-대출경과일수)÷3년(일수)
연체금리: nan"
아이엠뱅크,IM주택담보대출_5년고정금리(생활),스마트폰,"1.인지세:해당세액의 50%
2.국민주택채권매입비용 : 대출금액×115%×1%×채권할인율",중도상환대출금액×0.51%×(3년-대출경과일수)÷3년(일수),,담보인정비율(LTV) 70%,아파트,분할상환방식,,3.61,4.51,3.72,"상품명: IM주택담보대출_5년고정금리(생활)
금융회사: 아이엠뱅크
담보유형: 아파트
상환방식: 분할상환방식
금리유형: nan
최저금리: 3.61%
최고금리: 4.51%
평균금리: 3.72%
대출한도: 담보인정비율(LTV) 70%
가입방법: 스마트폰
부대비용: 1.인지세:해당세액의 50%
2.국민주택채권매입비용 : 대출금액×115%×1%×채권할인율
중도상환수수료: 중도상환대출금액×0.51%×(3년-대출경과일수)÷3년(일수)
연체금리: nan"
아이엠뱅크,장기모기지론_금융채5년변동(생활),"영업점,모집인","1.인지세:해당세액의 50%
2.국민주택채권매입비용 : 대출금액×115%×1%×채권할인율",중도상환대출금액×0.65%×(3년-대출경과일수)÷3년(일수),,담보인정비율(LTV) 70%,아파트,분할상환방식,,3.72,4.82,3.95,"상품명: 장기모기지론_금융채5년변동(생활)
금융회사: 아이엠뱅크
담보유형: 아파트
상환방식: 분할상환방식
금리유형: nan
최저금리: 3.72%
최고금리: 4.82%
평균금리: 3.95%
대출한도: 담보인정비율(LTV) 70%
가입방법: 영업점,모집인
부대비용: 1.인지세:해당세액의 50%
2.국민주택채권매입비용 : 대출금액×115%×1%×채권할인율
중도상환수수료: 중도상환대출금액×0.65%×(3년-대출경과일수)÷3년(일수)
연체금리: nan"
아이엠뱅크,IM주택담보대출_금융채5년변동(생활),스마트폰,"1.인지세:해당세액의 50%
2.국민주택채권매입비용 : 대출금액×115%×1%×채권할인율",중도상환대출금액×0.65%×(3년-대출경과일수)÷3년(일수),,담보인정비율(LTV) 70%,아파트,분할상환방식,,3.5,4.4,3.56,"상품명: IM주택담보대출_금융채5년변동(생활)
금융회사: 아이엠뱅크
담보유형: 아파트
상환방식: 분할상환방식
금리유형: nan
최저금리: 3.5%
최고금리: 4.4%
평균금리: 3.56%
대출한도: 담보인정비율(LTV) 70%
가입방법: 스마트폰
부대비용: 1.인지세:해당세액의 50%
2.국민주택채권매입비용 : 대출금액×115%×1%×채권할인율
중도상환수수료: 중도상환대출금액×0.65%×(3년-대출경과일수)÷3년(일수)
연체금리: nan"
아이엠뱅크,HYBRID 모기지론(구입),"영업점,모집인","1.인지세:해당세액의 50%
2.국민주택채권매입비용 : 대출금액×115%×1%×채권할인율",중도상환대출금액×0.51%×(3년-대출경과일수)÷3년(일수),,담보인정비율(LTV) 70%,아파트외,분할상환방식,,3.61,4.71,,"상품명: HYBRID 모기지론(구입)
금융회사: 아이엠뱅크
담보유형: 아파트외
상환방식: 분할상환방식
금리유형: nan
최저금리: 3.61%
최고금리: 4.71%
평균금리: nan%
대출한도: 담보인정비율(LTV) 70%
가입방법: 영업점,모집인
부대비용: 1.인지세:해당세액의 50%
2.국민주택채권매입비용 : 대출금액×115%×1%×채권할인율
중도상환수수료: 중도상환대출금액×0.51%×(3년-대출경과일수)÷3년(일수)
연체금리: nan"
아이엠뱅크,IM주택담보대출_5년고정금리(구입),스마트폰,"1.인지세:해당세액의 50%
2.국민주택채권매입비용 : 대출금액×115%×1%×채권할인율",중도상환대출금액×0.51%×(3년-대출경과일수)÷3년(일수),,담보인정비율(LTV) 70%,아파트,분할상환방식,,3.61,4.51,3.65,"상품명: IM주택담보대출_5년고정금리(구입)
금융회사: 아이엠뱅크
담보유형: 아파트
상환방식: 분할상환방식
금리유형: nan
최저금리: 3.61%
최고금리: 4.51%
평균금리: 3.65%
대출한도: 담보인정비율(LTV) 70%
가입방법: 스마트폰
부대비용: 1.인지세:해당세액의 50%
2.국민주택채권매입비용 : 대출금액×115%×1%×채권할인율
중도상환수수료: 중도상환대출금액×0.51%×(3년-대출경과일수)÷3년(일수)
연체금리: nan"
아이엠뱅크,장기모기지론_금융채5년변동(구입),"영업점,모집인","1.인지세:해당세액의 50%
2.국민주택채권매입비용 : 대출금액×115%×1%×채권할인율",중도상환대출금액×0.65%×(3년-대출경과일수)÷3년(일수),,담보인정비율(LTV) 70%,아파트,분할상환방식,,3.72,4.82,3.7,"상품명: 장기모기지론_금융채5년변동(구입)
금융회사: 아이엠뱅크
담보유형: 아파트
상환방식: 분할상환방식
금리유형: nan
최저금리: 3.72%
최고금리: 4.82%
평균금리: 3.7%
대출한도: 담보인정비율(LTV) 70%
가입방법: 영업점,모집인
부대비용: 1.인지세:해당세액의 50%
2.국민주택채권매입비용 : 대출금액×115%×1%×채권할인율
중도상환수수료: 중도상환대출금액×0.65%×(3년-대출경과일수)÷3년(일수)
연체금리: nan"
아이엠뱅크,IM주택담보대출_금융채5년변동(구입),스마트폰,"1.인지세:해당세액의 50%
2.국민주택채권매입비용 : 대출금액×115%×1%×채권할인율",중도상환대출금액×0.65%×(3년-대출경과일수)÷3년(일수),,담보인정비율(LTV) 70%,아파트,분할상환방식,,3.5,4.4,3.57,"상품명: IM주택담보대출_금융채5년변동(구입)
금융회사: 아이엠뱅크
담보유형: 아파트
상환방식: 분할상환방식
금리유형: nan
최저금리: 3.5%
최고금리: 4.4%
평균금리: 3.57%
대출한도: 담보인정비율(LTV) 70%
가입방법: 스마트폰
부대비용: 1.인지세:해당세액의 50%
2.국민주택채권매입비용 : 대출금액×115%×1%×채권할인율
중도상환수수료: 중도상환대출금액×0.65%×(3년-대출경과일수)÷3년(일수)
연체금리: nan"
부산은행,BNK행복스케치 모기지론,"영업점,인터넷,스마트폰,모집인","1. 인지세 : 해당세액의 50%
2. 국민주택채권 매입비용 : 
대출금액 X 110 ~ 120% X 1% X 채권할인율","중도상환금액 X 중도상환수수료율(고정리 0.71%, 변동금리 0.68%) X (대출잔여일수 ÷ 대출기간*)
*대출기간이 3년을 초과하는 경우 3년",,지역에 따라 담보인정비율(LTV) 최대 80% 이내,아파트,분할상환방식,,4.09,5.09,,"상품명: BNK행복스케치 모기지론
금융회사: 부산은행
담보유형: 아파트
상환방식: 분할상환방식
금리유형: nan
최저금리: 4.09%
최고금리: 5.09%
평균금리: nan%
대출한도: 지역에 따라 담보인정비율(LTV) 최대 80% 이내
가입방법: 영업점,인터넷,스마트폰,모집인
부대비용: 1. 인지세 : 해당세액의 50%
2. 국민주택채권 매입비용 : 
대출금액 X 110 ~ 120% X 1% X 채권할인율
중도상환수수료: 중도상환금액 X 중도상환수수료율(고정리 0.71%, 변동금리 0.68%) X (대출잔여일수 ÷ 대출기간*)
*대출기간이 3년을 초과하는 경우 3년
연체금리: nan"
부산은행,BNK357금리안심모기지론,"영업점,인터넷,스마트폰,모집인","1. 인지세 : 해당세액의 50%
2. 국민주택채권 매입비용 : 
대출금액 X 110 ~ 120% X 1% X 채권할인율","중도상환금액 X 중도상환수수료율(고정리 0.71%, 변동금리 0.68%) X (대출잔여일수 ÷ 대출기간*)
*대출기간이 3년을 초과하는 경우 3년",,지역에 따라 담보인정비율(LTV) 최대 80% 이내,아파트외,만기일시상환방식,,4.22,5.12,,"상품명: BNK357금리안심모기지론
금융회사: 부산은행
담보유형: 아파트외
상환방식: 만기일시상환방식
금리유형: nan
최저금리: 4.22%
최고금리: 5.12%
평균금리: nan%
대출한도: 지역에 따라 담보인정비율(LTV) 최대 80% 이내
가입방법: 영업점,인터넷,스마트폰,모집인
부대비용: 1. 인지세 : 해당세액의 50%
2. 국민주택채권 매입비용 : 
대출금액 X 110 ~ 120% X 1% X 채권할인율
중도상환수수료: 중도상환금액 X 중도상환수수료율(고정리 0.71%, 변동금리 0.68%) X (대출잔여일수 ÷ 대출기간*)
*대출기간이 3년을 초과하는 경우 3년
연체금리: nan"
부산은행,BNK금리상한 모기지론,"영업점,인터넷,스마트폰,모집인","1. 인지세 : 해당세액의 50%
2. 국민주택채권 매입비용 : 
대출금액 X 110 ~ 120% X 1% X 채권할인율","중도상환금액 X 중도상환수수료율(고정리 0.71%, 변동금리 0.68%) X (대출잔여일수 ÷ 대출기간*)
*대출기간이 3년을 초과하는 경우 3년",,지역에 따라 담보인정비율(LTV) 최대 80% 이내,아파트,분할상환방식,,3.8,5.1,,"상품명: BNK금리상한 모기지론
금융회사: 부산은행
담보유형: 아파트
상환방식: 분할상환방식
금리유형: nan
최저금리: 3.8%
최고금리: 5.1%
평균금리: nan%
대출한도: 지역에 따라 담보인정비율(LTV) 최대 80% 이내
가입방법: 영업점,인터넷,스마트폰,모집인
부대비용: 1. 인지세 : 해당세액의 50%
2. 국민주택채권 매입비용 : 
대출금액 X 110 ~ 120% X 1% X 채권할인율
중도상환수수료: 중도상환금액 X 중도상환수수료율(고정리 0.71%, 변동금리 0.68%) X (대출잔여일수 ÷ 대출기간*)
*대출기간이 3년을 초과하는 경우 3년
연체금리: nan"
광주은행,광주은행아파트담보대출,영업점,1. 인지대 : 50%                                    2. 근저당권 설정비 중 고객 부담 항목 - 주택채권 매입비용 등,중도상환금액 × 중도상환수수료율(0.40%) × (대출잔여일수 ÷ 대출기간),,감정가액 x 담보인정비율(LTV) 70% 이내,아파트,분할상환방식,,4.45,5.45,,"상품명: 광주은행아파트담보대출
금융회사: 광주은행
담보유형: 아파트
상환방식: 분할상환방식
금리유형: nan
최저금리: 4.45%
최고금리: 5.45%
평균금리: nan%
대출한도: 감정가액 x 담보인정비율(LTV) 70% 이내
가입방법: 영업점
부대비용: 1. 인지대 : 50%                                    2. 근저당권 설정비 중 고객 부담 항목 - 주택채권 매입비용 등
중도상환수수료: 중도상환금액 × 중도상환수수료율(0.40%) × (대출잔여일수 ÷ 대출기간)
연체금리: nan"
광주은행,광주은행기타주택담보대출,영업점,1. 인지대 : 50%                                    2. 근저당권 설정비 중 고객 부담 항목 - 주택채권 매입비용 등,중도상환금액 × 중도상환수수료율(0.40%) × (대출잔여일수 ÷ 대출기간),,감정가액 x 담보인정비율(LTV) 70% 이내,아파트외,분할상환방식,,4.55,5.55,,"상품명: 광주은행기타주택담보대출
금융회사: 광주은행
담보유형: 아파트외
상환방식: 분할상환방식
금리유형: nan
최저금리: 4.55%
최고금리: 5.55%
평균금리: nan%
대출한도: 감정가액 x 담보인정비율(LTV) 70% 이내
가입방법: 영업점
부대비용: 1. 인지대 : 50%                                    2. 근저당권 설정비 중 고객 부담 항목 - 주택채권 매입비용 등
중도상환수수료: 중도상환금액 × 중도상환수수료율(0.40%) × (대출잔여일수 ÷ 대출기간)
연체금리: nan"
광주은행,KJB모바일 주택담보대출,스마트폰,1. 인지대 : 50%                                    2. 근저당권 설정비 중 고객 부담 항목 - 주택채권 매입비용 등,중도상환금액 × 중도상환수수료율(0.40%) × (대출잔여일수 ÷ 대출기간),,10억원 이내,아파트,분할상환방식,,3.85,4.85,3.76,"상품명: KJB모바일 주택담보대출
금융회사: 광주은행
담보유형: 아파트
상환방식: 분할상환방식
금리유형: nan
최저금리: 3.85%
최고금리: 4.85%
평균금리: 3.76%
대출한도: 10억원 이내
가입방법: 스마트폰
부대비용: 1. 인지대 : 50%                                    2. 근저당권 설정비 중 고객 부담 항목 - 주택채권 매입비용 등
중도상환수수료: 중도상환금액 × 중도상환수수료율(0.40%) × (대출잔여일수 ÷ 대출기간)
연체금리: nan"
제주은행,금리safe모기지론,영업점,"인지세 50%
주택채권매입비용","중도상환금액×1.3%×대출잔여일수/대출기간
3년경과시 면제",,감정가의 70%이내,아파트,분할상환방식,,3.94,4.94,,"상품명: 금리safe모기지론
금융회사: 제주은행
담보유형: 아파트
상환방식: 분할상환방식
금리유형: nan
최저금리: 3.94%
최고금리: 4.94%
평균금리: nan%
대출한도: 감정가의 70%이내
가입방법: 영업점
부대비용: 인지세 50%
주택채권매입비용
중도상환수수료: 중도상환금액×1.3%×대출잔여일수/대출기간
3년경과시 면제
연체금리: nan"
제주은행,제주홈대출,영업점,"인지세 50%
주택채권매입비용","중도상환금액×1.3%×대출잔여일수/대출기간
3년경과시 면제",,감정가의 70%이내,아파트외,만기일시상환방식,,3.96,4.96,4.6,"상품명: 제주홈대출
금융회사: 제주은행
담보유형: 아파트외
상환방식: 만기일시상환방식
금리유형: nan
최저금리: 3.96%
최고금리: 4.96%
평균금리: 4.6%
대출한도: 감정가의 70%이내
가입방법: 영업점
부대비용: 인지세 50%
주택채권매입비용
중도상환수수료: 중도상환금액×1.3%×대출잔여일수/대출기간
3년경과시 면제
연체금리: nan"
제주은행,제주장기모기지론,영업점,"인지세 50%
주택채권매입비용","중도상환금액×1.3%×대출잔여일수/대출기간
3년경과시 면제",,감정가의 70%이내,아파트,분할상환방식,,4.52,5.52,4.51,"상품명: 제주장기모기지론
금융회사: 제주은행
담보유형: 아파트
상환방식: 분할상환방식
금리유형: nan
최저금리: 4.52%
최고금리: 5.52%
평균금리: 4.51%
대출한도: 감정가의 70%이내
가입방법: 영업점
부대비용: 인지세 50%
주택채권매입비용
중도상환수수료: 중도상환금액×1.3%×대출잔여일수/대출기간
3년경과시 면제
연체금리: nan"
전북은행,JB해피홈론,영업점,"인지세:50%
주택채권매입:대출금액×120%×1%×할인율
화재보험료(아파트외)
주택신보출연료(주택구입)","상환금액×
수수료율(잔여일 1년미만 0.8%, 1년초과 1.8%)×
대출잔여일수÷대출기간(최장 3년)",,LTV 70%,아파트,분할상환방식,,2.58,5.08,,"상품명: JB해피홈론
금융회사: 전북은행
담보유형: 아파트
상환방식: 분할상환방식
금리유형: nan
최저금리: 2.58%
최고금리: 5.08%
평균금리: nan%
대출한도: LTV 70%
가입방법: 영업점
부대비용: 인지세:50%
주택채권매입:대출금액×120%×1%×할인율
화재보험료(아파트외)
주택신보출연료(주택구입)
중도상환수수료: 상환금액×
수수료율(잔여일 1년미만 0.8%, 1년초과 1.8%)×
대출잔여일수÷대출기간(최장 3년)
연체금리: nan"
전북은행,BEST고정금리모기지론,영업점,"인지세:50%
주택채권매입:대출금액×120%×1%×할인율
화재보험료(아파트외)
주택신보출연료(주택구입)","상환금액×
수수료율(잔여일 1년미만 1%, 1년초과 2%)×
대출잔여일수÷대출기간(최장 3년)",,LTV 70%,아파트,분할상환방식,,5.29,6.09,,"상품명: BEST고정금리모기지론
금융회사: 전북은행
담보유형: 아파트
상환방식: 분할상환방식
금리유형: nan
최저금리: 5.29%
최고금리: 6.09%
평균금리: nan%
대출한도: LTV 70%
가입방법: 영업점
부대비용: 인지세:50%
주택채권매입:대출금액×120%×1%×할인율
화재보험료(아파트외)
주택신보출연료(주택구입)
중도상환수수료: 상환금액×
수수료율(잔여일 1년미만 1%, 1년초과 2%)×
대출잔여일수÷대출기간(최장 3년)
연체금리: nan"
전북은행,JB우리집대출,"영업점,스마트폰","인지세:50%
주택채권매입:대출금액×120%×1%×할인율
화재보험료(아파트외)
주택신보출연료(주택구입)","상환금액×
수수료율(변동금리 0.8%, ,고정금리 1.0%)×
대출잔여일수÷대출기간(최장 3년)",,LTV 70%,아파트,분할상환방식,,3.08,5.08,3.92,"상품명: JB우리집대출
금융회사: 전북은행
담보유형: 아파트
상환방식: 분할상환방식
금리유형: nan
최저금리: 3.08%
최고금리: 5.08%
평균금리: 3.92%
대출한도: LTV 70%
가입방법: 영업점,스마트폰
부대비용: 인지세:50%
주택채권매입:대출금액×120%×1%×할인율
화재보험료(아파트외)
주택신보출연료(주택구입)
중도상환수수료: 상환금액×
수수료율(변동금리 0.8%, ,고정금리 1.0%)×
대출잔여일수÷대출기간(최장 3년)
연체금리: nan"
경남은행,집집마다 도움대출II,"영업점,모집인","인지세: 대출금액 구간별 해당 세액의 50%
[대출금 5천만원 미만시 면제]
국민주택채권매입비: 대출금 X 110% X 1% X 채권할인율
주택신보출연료(주택자금용도)","중도상환수수료(대출취급 후 3년 경과시 면제)
 = 중도상환대출금액X중도상환수수료율 X(대출잔여일수÷대출기간)
2)중도상환수수료율 = 취급후 3년 이내 상환시 0.5%",,LTV 80% 이내,아파트외,만기일시상환방식,,3.14,4.64,4.62,"상품명: 집집마다 도움대출II
금융회사: 경남은행
담보유형: 아파트외
상환방식: 만기일시상환방식
금리유형: nan
최저금리: 3.14%
최고금리: 4.64%
평균금리: 4.62%
대출한도: LTV 80% 이내
가입방법: 영업점,모집인
부대비용: 인지세: 대출금액 구간별 해당 세액의 50%
[대출금 5천만원 미만시 면제]
국민주택채권매입비: 대출금 X 110% X 1% X 채권할인율
주택신보출연료(주택자금용도)
중도상환수수료: 중도상환수수료(대출취급 후 3년 경과시 면제)
 = 중도상환대출금액X중도상환수수료율 X(대출잔여일수÷대출기간)
2)중도상환수수료율 = 취급후 3년 이내 상환시 0.5%
연체금리: nan"
경남은행,BNK모바일주택담보대출,"영업점,모집인","인지세: 대출금액 구간별 해당 세액의 50%
[대출금 5천만원 미만시 면제]
국민주택채권매입비: 대출금 X 110% X 1% X 채권할인율
주택신보출연료(주택자금용도)","중도상환수수료(대출취급 후 3년 경과시 면제)
 = 중도상환대출금액X중도상환수수료율 X(대출잔여일수÷대출기간)
2)중도상환수수료율 = 취급후 3년 이내 상환시 0.5%",,"LTV 70% 이내(KB시세 확인 가능한 아파트만 가능, 부,울,경 外 지역은 구입자금 취급 불가)",아파트,분할상환방식,,3.95,6.18,3.84,"상품명: BNK모바일주택담보대출
금융회사: 경남은행
담보유형: 아파트
상환방식: 분할상환방식
금리유형: nan
최저금리: 3.95%
최고금리: 6.18%
평균금리: 3.84%
대출한도: LTV 70% 이내(KB시세 확인 가능한 아파트만 가능, 부,울,경 外 지역은 구입자금 취급 불가)
가입방법: 영업점,모집인
부대비용: 인지세: 대출금액 구간별 해당 세액의 50%
[대출금 5천만원 미만시 면제]
국민주택채권매입비: 대출금 X 110% X 1% X 채권할인율
주택신보출연료(주택자금용도)
중도상환수수료: 중도상환수수료(대출취급 후 3년 경과시 면제)
 = 중도상환대출금액X중도상환수수료율 X(대출잔여일수÷대출기간)
2)중도상환수수료율 = 취급후 3년 이내 상환시 0.5%
연체금리: nan"
중소기업은행,IBK주택담보대출,"영업점,모집인","인지세 : 해당세액의 50%
국민주택채권 매입비용 : 대출금액 x 120% x 1% x 채권할인률
화재보험료(아파트외 물건지에 한함)","중도상환금액 x 수수료율* x (대출잔여일수 ÷ 대출기간)
  * 고정금리 0.64%, 변동금리 0.64%",,LTV 70%,아파트외,만기일시상환방식,,4.68,4.68,,"상품명: IBK주택담보대출
금융회사: 중소기업은행
담보유형: 아파트외
상환방식: 만기일시상환방식
금리유형: nan
최저금리: 4.68%
최고금리: 4.68%
평균금리: nan%
대출한도: LTV 70%
가입방법: 영업점,모집인
부대비용: 인지세 : 해당세액의 50%
국민주택채권 매입비용 : 대출금액 x 120% x 1% x 채권할인률
화재보험료(아파트외 물건지에 한함)
중도상환수수료: 중도상환금액 x 수수료율* x (대출잔여일수 ÷ 대출기간)
  * 고정금리 0.64%, 변동금리 0.64%
연체금리: nan"
한국산업은행,"산은 주택대출
(생활자금)",기타,"* 구입자금 취급중단, 기존 주택담보대출 고객에 대한 추가 생활자금대출만 취급

- 인지세 : 해당세액의 50%
- 국민주택채권 매입비용","- 중도상환금액 × 중도상환수수료율* × (대출잔여일수 ÷ 대출기간** )
* 담보대출 : 고정금리 1.2%, 변동금리 0.9% / 신용대출 : 고정금리 0.8%, 변동금리 0.5%
**대출기간이 3년을 초과하는 경우 3년",,- LTV 70% 등,아파트외,만기일시상환방식,,4.04,4.84,,"상품명: 산은 주택대출
(생활자금)
금융회사: 한국산업은행
담보유형: 아파트외
상환방식: 만기일시상환방식
금리유형: nan
최저금리: 4.04%
최고금리: 4.84%
평균금리: nan%
대출한도: - LTV 70% 등
가입방법: 기타
부대비용: * 구입자금 취급중단, 기존 주택담보대출 고객에 대한 추가 생활자금대출만 취급

- 인지세 : 해당세액의 50%
- 국민주택채권 매입비용
중도상환수수료: - 중도상환금액 × 중도상환수수료율* × (대출잔여일수 ÷ 대출기간** )
* 담보대출 : 고정금리 1.2%, 변동금리 0.9% / 신용대출 : 고정금리 0.8%, 변동금리 0.5%
**대출기간이 3년을 초과하는 경우 3년
연체금리: nan"
국민은행,"KB주택담보대출변동
(일반자금)","영업점,모집인","ㅇ 인지세 : 해당세액의 50%
ㅇ 국민주택채권 매입 : 대출금액 × 120% × 1% × 채권할인율
ㅇ 화재보험료 (아파트 외 물건지에 한함)",중도상환금액 × 0.58% × (대출잔여일수 ÷ 3년),,LTV 70%,아파트,분할상환방식,,4.17,5.07,4.57,"상품명: KB주택담보대출변동
(일반자금)
금융회사: 국민은행
담보유형: 아파트
상환방식: 분할상환방식
금리유형: nan
최저금리: 4.17%
최고금리: 5.07%
평균금리: 4.57%
대출한도: LTV 70%
가입방법: 영업점,모집인
부대비용: ㅇ 인지세 : 해당세액의 50%
ㅇ 국민주택채권 매입 : 대출금액 × 120% × 1% × 채권할인율
ㅇ 화재보험료 (아파트 외 물건지에 한함)
중도상환수수료: 중도상환금액 × 0.58% × (대출잔여일수 ÷ 3년)
연체금리: nan"
국민은행,KB스타 아파트담보대출 혼합금리(주택자금),"영업점,모집인","ㅇ 인지세 : 해당세액의 50%
ㅇ 국민주택채권 매입 : 대출금액 × 120% × 1% × 채권할인율
ㅇ 화재보험료 (아파트 외 물건지에 한함)",중도상환금액 × 0.58% × (대출잔여일수 ÷ 3년),,LTV 70%,아파트,분할상환방식,,4.12,4.12,3.51,"상품명: KB스타 아파트담보대출 혼합금리(주택자금)
금융회사: 국민은행
담보유형: 아파트
상환방식: 분할상환방식
금리유형: nan
최저금리: 4.12%
최고금리: 4.12%
평균금리: 3.51%
대출한도: LTV 70%
가입방법: 영업점,모집인
부대비용: ㅇ 인지세 : 해당세액의 50%
ㅇ 국민주택채권 매입 : 대출금액 × 120% × 1% × 채권할인율
ㅇ 화재보험료 (아파트 외 물건지에 한함)
중도상환수수료: 중도상환금액 × 0.58% × (대출잔여일수 ÷ 3년)
연체금리: nan"
신한은행,신한주택대출(아파트),"영업점,모집인","- 인지세: 해당세액의 50%(대출금액 5천만원 이하시 없음)
- 국민주택채권매입: 대출금액*120%*1%*채권할인율","-중도상환해약금:중도상환대출금*중도상환해약금률(고정금리1.4%, 변동금리1.2%)*(대출잔여일수/대출기간)",,-LTV40%,아파트,분할상환방식,,5.29,6.09,,"상품명: 신한주택대출(아파트)
금융회사: 신한은행
담보유형: 아파트
상환방식: 분할상환방식
금리유형: nan
최저금리: 5.29%
최고금리: 6.09%
평균금리: nan%
대출한도: -LTV40%
가입방법: 영업점,모집인
부대비용: - 인지세: 해당세액의 50%(대출금액 5천만원 이하시 없음)
- 국민주택채권매입: 대출금액*120%*1%*채권할인율
중도상환수수료: -중도상환해약금:중도상환대출금*중도상환해약금률(고정금리1.4%, 변동금리1.2%)*(대출잔여일수/대출기간)
연체금리: nan"
신한은행,신한주택대출,"영업점,모집인","- 인지세: 해당세액의 50%(대출금액 5천만원 이하시 없음)
- 국민주택채권매입: 대출금액*120%*1%*채권할인율","-중도상환해약금:중도상환대출금*중도상환해약금률(고정금리1.4%, 변동금리1.2%)*(대출잔여일수/대출기간)",,-LTV40%,아파트,분할상환방식,,3.08,5.08,3.92,"상품명: 신한주택대출
금융회사: 신한은행
담보유형: 아파트
상환방식: 분할상환방식
금리유형: nan
최저금리: 3.08%
최고금리: 5.08%
평균금리: 3.92%
대출한도: -LTV40%
가입방법: 영업점,모집인
부대비용: - 인지세: 해당세액의 50%(대출금액 5천만원 이하시 없음)
- 국민주택채권매입: 대출금액*120%*1%*채권할인율
중도상환수수료: -중도상환해약금:중도상환대출금*중도상환해약금률(고정금리1.4%, 변동금리1.2%)*(대출잔여일수/대출기간)
연체금리: nan"
농협은행주식회사,NH주택담보대출,영업점,"1. 인지세
  - 해당 세액의 50%
2. 국민주택채권매입비용
  - 근저당권 설정금액 × 10 ÷ 1,000
3. 주택신보출연료","중도상환원금 × 적용요율 × (대출기간 - 경과일수) ÷ 대출기간
- 대출기간 : 3년을 초과하는 경우 3년
- 적용요율 : 고정금리 1.4%, 변동금리 1.2%",,해당 주택의 담보평가금액에 따라 산출된 가능금액 이내,아파트,분할상환방식,,3.29,5.79,3.86,"상품명: NH주택담보대출
금융회사: 농협은행주식회사
담보유형: 아파트
상환방식: 분할상환방식
금리유형: nan
최저금리: 3.29%
최고금리: 5.79%
평균금리: 3.86%
대출한도: 해당 주택의 담보평가금액에 따라 산출된 가능금액 이내
가입방법: 영업점
부대비용: 1. 인지세
  - 해당 세액의 50%
2. 국민주택채권매입비용
  - 근저당권 설정금액 × 10 ÷ 1,000
3. 주택신보출연료
중도상환수수료: 중도상환원금 × 적용요율 × (대출기간 - 경과일수) ÷ 대출기간
- 대출기간 : 3년을 초과하는 경우 3년
- 적용요율 : 고정금리 1.4%, 변동금리 1.2%
연체금리: nan"
농협은행주식회사,채움고정금리모기지론,영업점,"1. 인지세
  - 해당 세액의 50%
2. 국민주택채권매입비용
  - 근저당권 설정금액 × 10 ÷ 1,000
3. 주택신보출연료","중도상환원금 × 적용요율 × (대출기간 - 경과일수) ÷ 대출기간
- 대출기간 : 3년을 초과하는 경우 3년
- 적용요율 : 고정금리 1.4%, 변동금리 1.2%",,해당 주택의 담보평가금액에 따라 산출된 가능금액 이내,아파트,분할상환방식,,4.3,6.0,,"상품명: 채움고정금리모기지론
금융회사: 농협은행주식회사
담보유형: 아파트
상환방식: 분할상환방식
금리유형: nan
최저금리: 4.3%
최고금리: 6.0%
평균금리: nan%
대출한도: 해당 주택의 담보평가금액에 따라 산출된 가능금액 이내
가입방법: 영업점
부대비용: 1. 인지세
  - 해당 세액의 50%
2. 국민주택채권매입비용
  - 근저당권 설정금액 × 10 ÷ 1,000
3. 주택신보출연료
중도상환수수료: 중도상환원금 × 적용요율 × (대출기간 - 경과일수) ÷ 대출기간
- 대출기간 : 3년을 초과하는 경우 3년
- 적용요율 : 고정금리 1.4%, 변동금리 1.2%
연체금리: nan"
주식회사 하나은행,하나원큐주택담보대출,스마트폰,"1. 인지세 : 50%
2. 근저당 설정비 중 고객부담 항목
   - 주택채권매입비용 등","중도상환금액 × 중도상환해약금률* × ( 대출잔여일수 ÷ 대출기간** )
* 중도상환해약금률 : 0.66%
** 대출약정일로부터 최장 3년",,담보별 가용가 범위내,아파트외,분할상환방식,,4.21,5.01,,"상품명: 하나원큐주택담보대출
금융회사: 주식회사 하나은행
담보유형: 아파트외
상환방식: 분할상환방식
금리유형: nan
최저금리: 4.21%
최고금리: 5.01%
평균금리: nan%
대출한도: 담보별 가용가 범위내
가입방법: 스마트폰
부대비용: 1. 인지세 : 50%
2. 근저당 설정비 중 고객부담 항목
   - 주택채권매입비용 등
중도상환수수료: 중도상환금액 × 중도상환해약금률* × ( 대출잔여일수 ÷ 대출기간** )
* 중도상환해약금률 : 0.66%
** 대출약정일로부터 최장 3년
연체금리: nan"
주식회사 하나은행,하나원큐아파트론,스마트폰,"1. 인지세 : 50%
2. 근저당 설정비 중 고객부담 항목
   - 주택채권매입비용 등","중도상환금액 × 중도상환해약금률* × ( 대출잔여일수 ÷ 대출기간** )
* 중도상환해약금률 : 0.66%
** 대출약정일로부터 최장 3년",,담보별 가용가 범위내,아파트,분할상환방식,,3.6,4.4,3.67,"상품명: 하나원큐아파트론
금융회사: 주식회사 하나은행
담보유형: 아파트
상환방식: 분할상환방식
금리유형: nan
최저금리: 3.6%
최고금리: 4.4%
평균금리: 3.67%
대출한도: 담보별 가용가 범위내
가입방법: 스마트폰
부대비용: 1. 인지세 : 50%
2. 근저당 설정비 중 고객부담 항목
   - 주택채권매입비용 등
중도상환수수료: 중도상환금액 × 중도상환해약금률* × ( 대출잔여일수 ÷ 대출기간** )
* 중도상환해약금률 : 0.66%
** 대출약정일로부터 최장 3년
연체금리: nan"
주식회사 케이뱅크,아파트담보대출(일반),스마트폰,"1. 인지세 - 해당세액의 50%
2. 근저당권 설정비 중 고객 부담 항목 
   - 주택채권 매입비용 등","중도상환금액*해약금요율
(1.40%)*(3년-대출실행 후 경과기간)/3년, 
대출 실행 3년 이후 면제",,"LTV 최대 70%, 
신규 - 최대 2억원, 
대환 - 최대 10억원",아파트,분할상환방식,,3.85,3.85,3.63,"상품명: 아파트담보대출(일반)
금융회사: 주식회사 케이뱅크
담보유형: 아파트
상환방식: 분할상환방식
금리유형: nan
최저금리: 3.85%
최고금리: 3.85%
평균금리: 3.63%
대출한도: LTV 최대 70%, 
신규 - 최대 2억원, 
대환 - 최대 10억원
가입방법: 스마트폰
부대비용: 1. 인지세 - 해당세액의 50%
2. 근저당권 설정비 중 고객 부담 항목 
   - 주택채권 매입비용 등
중도상환수수료: 중도상환금액*해약금요율
(1.40%)*(3년-대출실행 후 경과기간)/3년, 
대출 실행 3년 이후 면제
연체금리: nan"
주식회사 케이뱅크,아파트담보대출(구입),스마트폰,"1. 인지세 - 해당세액의 50%
2. 근저당권 설정비 중 고객 부담 항목 
   - 주택채권 매입비용 등","중도상환금액*해약금요율
(1.40%)*(3년-대출실행 후 경과기간)/3년, 대출 실행 3년 이후 면제",,"LTV 최대 70%, 최대 10억원",아파트,분할상환방식,,3.87,3.87,3.71,"상품명: 아파트담보대출(구입)
금융회사: 주식회사 케이뱅크
담보유형: 아파트
상환방식: 분할상환방식
금리유형: nan
최저금리: 3.87%
최고금리: 3.87%
평균금리: 3.71%
대출한도: LTV 최대 70%, 최대 10억원
가입방법: 스마트폰
부대비용: 1. 인지세 - 해당세액의 50%
2. 근저당권 설정비 중 고객 부담 항목 
   - 주택채권 매입비용 등
중도상환수수료: 중도상환금액*해약금요율
(1.40%)*(3년-대출실행 후 경과기간)/3년, 대출 실행 3년 이후 면제
연체금리: nan"
수협은행,SH으뜸모기지론,"영업점,모집인","1. 인지세 : 해당세액의 50%

2. 국민주택채권 매입비용 : 대출금액 X  120% X 1% X 채권할인율

3. 화재보험료 (아파트외 물건지에 한함)","중도상환금액 X 수수료율* X (대출잔여일수 / 대출기간)

* 취급 후 3년 이내 0.66%",,담보인정비율(LTV) 최대 70%,아파트,분할상환방식,,4.07,5.88,3.95,"상품명: SH으뜸모기지론
금융회사: 수협은행
담보유형: 아파트
상환방식: 분할상환방식
금리유형: nan
최저금리: 4.07%
최고금리: 5.88%
평균금리: 3.95%
대출한도: 담보인정비율(LTV) 최대 70%
가입방법: 영업점,모집인
부대비용: 1. 인지세 : 해당세액의 50%

2. 국민주택채권 매입비용 : 대출금액 X  120% X 1% X 채권할인율

3. 화재보험료 (아파트외 물건지에 한함)
중도상환수수료: 중도상환금액 X 수수료율* X (대출잔여일수 / 대출기간)

* 취급 후 3년 이내 0.66%
연체금리: nan"
주식회사 카카오뱅크,주택담보대출,스마트폰,"- 인지세 : 해당세액의 50%(대출금액 5천만원 이하시 없음)
- 국민주택채권 본인부담금 : 대출금액×110%×1%×채권할인율",없음,,최대 10억원,아파트,분할상환방식,,3.87,4.52,3.8,"상품명: 주택담보대출
금융회사: 주식회사 카카오뱅크
담보유형: 아파트
상환방식: 분할상환방식
금리유형: nan
최저금리: 3.87%
최고금리: 4.52%
평균금리: 3.8%
대출한도: 최대 10억원
가입방법: 스마트폰
부대비용: - 인지세 : 해당세액의 50%(대출금액 5천만원 이하시 없음)
- 국민주택채권 본인부담금 : 대출금액×110%×1%×채권할인율
중도상환수수료: 없음
연체금리: nan"
OSB저축은행,해피홈론,스마트폰,"-인지세:
해당금액의 고객과 은행이 각각 1/2부담(5천만원 이하 면제) 
-근저당권 설정 시 채권할인료 / 근저당권 해지 수수료(상환)","-중도상환금액x 2% x 대출잔여일수/대출기간
-3년 경과 후 : 없음",,"LTV 70%, 최대 8억원",아파트,분할상환방식,,5.0,11.12,,"상품명: 해피홈론
금융회사: OSB저축은행
담보유형: 아파트
상환방식: 분할상환방식
금리유형: nan
최저금리: 5.0%
최고금리: 11.12%
평균금리: nan%
대출한도: LTV 70%, 최대 8억원
가입방법: 스마트폰
부대비용: -인지세:
해당금액의 고객과 은행이 각각 1/2부담(5천만원 이하 면제) 
-근저당권 설정 시 채권할인료 / 근저당권 해지 수수료(상환)
중도상환수수료: -중도상환금액x 2% x 대출잔여일수/대출기간
-3년 경과 후 : 없음
연체금리: nan"
키움예스저축은행,가계주택담보대출,모집인,"- 인지세 : 해당세액 × 50%(대출금액 5천만원 이하시 없음)
- 국민주택채권 매입 : 대출금액 × 130% × 1% × 채권할인율",중도상환금액×2%×(대출잔여일수÷대출기간 총일수),,"- LTV 70%
- 최대 8억원",아파트,분할상환방식,,8.6,13.7,,"상품명: 가계주택담보대출
금융회사: 키움예스저축은행
담보유형: 아파트
상환방식: 분할상환방식
금리유형: nan
최저금리: 8.6%
최고금리: 13.7%
평균금리: nan%
대출한도: - LTV 70%
- 최대 8억원
가입방법: 모집인
부대비용: - 인지세 : 해당세액 × 50%(대출금액 5천만원 이하시 없음)
- 국민주택채권 매입 : 대출금액 × 130% × 1% × 채권할인율
중도상환수수료: 중도상환금액×2%×(대출잔여일수÷대출기간 총일수)
연체금리: nan"
SBI저축은행,희망아파트담보대출,모집인,"- 인지세 : 
고객, 금융회사 50%씩 부담
(5,000만원 
이하는 
해당사항없음)",- 상환금액*2%*대출잔여일수/대출약정기간(3년 이내 중도 상환시 적용),,"- 아파트 시세(KB부동산, 한국부동산원)의 최대 70%, 최대 8억원 까지
(단, 담보물건지 지역 및 담보평가금액, 연소득금액 등에 따라 차등적용)",아파트,분할상환방식,,5.4,7.9,,"상품명: 희망아파트담보대출
금융회사: SBI저축은행
담보유형: 아파트
상환방식: 분할상환방식
금리유형: nan
최저금리: 5.4%
최고금리: 7.9%
평균금리: nan%
대출한도: - 아파트 시세(KB부동산, 한국부동산원)의 최대 70%, 최대 8억원 까지
(단, 담보물건지 지역 및 담보평가금액, 연소득금액 등에 따라 차등적용)
가입방법: 모집인
부대비용: - 인지세 : 
고객, 금융회사 50%씩 부담
(5,000만원 
이하는 
해당사항없음)
중도상환수수료: - 상환금액*2%*대출잔여일수/대출약정기간(3년 이내 중도 상환시 적용)
연체금리: nan"
SBI저축은행,SBI주택대출,"영업점,인터넷","- 인지세 : 
고객, 금융회사 50%씩 부담
(5,000만원 
이하는 
해당사항없음)",- 상환금액*2%*대출잔여일수/대출약정기간(3년 이내 중도 상환시 적용),,"- 아파트 시세(KB부동산, 한국부동산원)의 최대 70%, 최대 8억원 까지
(단, 담보물건지 지역 및 담보평가금액, 연소득금액 등에 따라 차등적용)",아파트,분할상환방식,,4.2,6.7,4.89,"상품명: SBI주택대출
금융회사: SBI저축은행
담보유형: 아파트
상환방식: 분할상환방식
금리유형: nan
최저금리: 4.2%
최고금리: 6.7%
평균금리: 4.89%
대출한도: - 아파트 시세(KB부동산, 한국부동산원)의 최대 70%, 최대 8억원 까지
(단, 담보물건지 지역 및 담보평가금액, 연소득금액 등에 따라 차등적용)
가입방법: 영업점,인터넷
부대비용: - 인지세 : 
고객, 금융회사 50%씩 부담
(5,000만원 
이하는 
해당사항없음)
중도상환수수료: - 상환금액*2%*대출잔여일수/대출약정기간(3년 이내 중도 상환시 적용)
연체금리: nan"
바로저축은행,중도금대출(주택),영업점,"인지세
(차주는 발생비용의 50% 부담)",0~2%,,"LTV : 40%~70%
(지역에 따라 차등)

DTI : 40%~60%
(차주에 따라 차등)",아파트,만기일시상환방식,,5.05,5.15,5.15,"상품명: 중도금대출(주택)
금융회사: 바로저축은행
담보유형: 아파트
상환방식: 만기일시상환방식
금리유형: nan
최저금리: 5.05%
최고금리: 5.15%
평균금리: 5.15%
대출한도: LTV : 40%~70%
(지역에 따라 차등)

DTI : 40%~60%
(차주에 따라 차등)
가입방법: 영업점
부대비용: 인지세
(차주는 발생비용의 50% 부담)
중도상환수수료: 0~2%
연체금리: nan"
고려저축은행,아파트담보대출,"영업점,모집인","-인지세 : 해당세액 x 50%
(대출금액 5천만원 이하시 없음)
- 채권할인료, 말소비용","-기한전상환대출금액x기한전상환수수료율x대출잔여일수/대출약정기간
■ 중도상환수수료율 : 기업 - 1.76% / 가계 - 1.63% (단, 여신기한전상환수수료는 대출개시일로부터 3년 이내 상환시 적용)",,90,아파트,분할상환방식,,6.7,10.7,,"상품명: 아파트담보대출
금융회사: 고려저축은행
담보유형: 아파트
상환방식: 분할상환방식
금리유형: nan
최저금리: 6.7%
최고금리: 10.7%
평균금리: nan%
대출한도: 90
가입방법: 영업점,모집인
부대비용: -인지세 : 해당세액 x 50%
(대출금액 5천만원 이하시 없음)
- 채권할인료, 말소비용
중도상환수수료: -기한전상환대출금액x기한전상환수수료율x대출잔여일수/대출약정기간
■ 중도상환수수료율 : 기업 - 1.76% / 가계 - 1.63% (단, 여신기한전상환수수료는 대출개시일로부터 3년 이내 상환시 적용)
연체금리: nan"
국제저축은행,일반자금대출,영업점,"- 인지세 : 해당세액 × 50%
(대출금액 5천만원 이하 없음)
- 국민주택채권 매입 : 대출금액 × 130% × 1% × 채권할인율","중도상환금액×0.73%×
(대출잔여일수÷대출기간 총일수)
*취급 후 3년 초과 시 면제",,LTV 70%,아파트외,만기일시상환방식,,8.46,15.0,,"상품명: 일반자금대출
금융회사: 국제저축은행
담보유형: 아파트외
상환방식: 만기일시상환방식
금리유형: nan
최저금리: 8.46%
최고금리: 15.0%
평균금리: nan%
대출한도: LTV 70%
가입방법: 영업점
부대비용: - 인지세 : 해당세액 × 50%
(대출금액 5천만원 이하 없음)
- 국민주택채권 매입 : 대출금액 × 130% × 1% × 채권할인율
중도상환수수료: 중도상환금액×0.73%×
(대출잔여일수÷대출기간 총일수)
*취급 후 3년 초과 시 면제
연체금리: nan"
DH저축은행,중도금집단대출,영업점,인지대(해당세액*50%),없음,,분양가액의 60% 범위내,아파트,만기일시상환방식,,5.6,9.5,6.5,"상품명: 중도금집단대출
금융회사: DH저축은행
담보유형: 아파트
상환방식: 만기일시상환방식
금리유형: nan
최저금리: 5.6%
최고금리: 9.5%
평균금리: 6.5%
대출한도: 분양가액의 60% 범위내
가입방법: 영업점
부대비용: 인지대(해당세액*50%)
중도상환수수료: 없음
연체금리: nan"
우리저축은행,서면4차 봄여름가을겨울 중도금대출,영업점,- 인지세 : 해당세액 × 50%(대출금액 5천만원 이하시 없음),타행 대환 시 1.0%,0.105,60,아파트,만기일시상환방식,,7.5,7.5,,"상품명: 서면4차 봄여름가을겨울 중도금대출
금융회사: 우리저축은행
담보유형: 아파트
상환방식: 만기일시상환방식
금리유형: nan
최저금리: 7.5%
최고금리: 7.5%
평균금리: nan%
대출한도: 60
가입방법: 영업점
부대비용: - 인지세 : 해당세액 × 50%(대출금액 5천만원 이하시 없음)
중도상환수수료: 타행 대환 시 1.0%
연체금리: 0.105"
대백저축은행,마이홈주택자금대출,"영업점,모집인","- 인지세 : 해당세액 × 50%(대출금액 5천만원 이하시 없음) 
- 국민주택채권 매입 : 대출금액 × 130% × 1% × 채권할인율
- 화재보험료",없음,,- LTV 70%,아파트,만기일시상환방식,,6.0,8.5,,"상품명: 마이홈주택자금대출
금융회사: 대백저축은행
담보유형: 아파트
상환방식: 만기일시상환방식
금리유형: nan
최저금리: 6.0%
최고금리: 8.5%
평균금리: nan%
대출한도: - LTV 70%
가입방법: 영업점,모집인
부대비용: - 인지세 : 해당세액 × 50%(대출금액 5천만원 이하시 없음) 
- 국민주택채권 매입 : 대출금액 × 130% × 1% × 채권할인율
- 화재보험료
중도상환수수료: 없음
연체금리: nan"
대백저축은행,대백마이홈론,"영업점,모집인","- 인지세 : 해당세액 × 50%(대출금액 5천만원 이하시 없음) 
- 국민주택채권 매입 : 대출금액 × 130% × 1% × 채권할인율
- 화재보험료",중도상환금액x2%x(대출잔여일수÷대출기간 총일수),,- LTV 70%,아파트외,만기일시상환방식,,5.0,8.8,,"상품명: 대백마이홈론
금융회사: 대백저축은행
담보유형: 아파트외
상환방식: 만기일시상환방식
금리유형: nan
최저금리: 5.0%
최고금리: 8.8%
평균금리: nan%
대출한도: - LTV 70%
가입방법: 영업점,모집인
부대비용: - 인지세 : 해당세액 × 50%(대출금액 5천만원 이하시 없음) 
- 국민주택채권 매입 : 대출금액 × 130% × 1% × 채권할인율
- 화재보험료
중도상환수수료: 중도상환금액x2%x(대출잔여일수÷대출기간 총일수)
연체금리: nan"
대백저축은행,제천장락 세영리첼 에듀퍼스트아파트 중도금대출,"영업점,모집인",- 인지세 : 해당세액 × 50%(대출금액 5천만원 이하시 없음),없음,,- 분양가액의 60%,아파트외,만기일시상환방식,,7.5,7.5,7.5,"상품명: 제천장락 세영리첼 에듀퍼스트아파트 중도금대출
금융회사: 대백저축은행
담보유형: 아파트외
상환방식: 만기일시상환방식
금리유형: nan
최저금리: 7.5%
최고금리: 7.5%
평균금리: 7.5%
대출한도: - 분양가액의 60%
가입방법: 영업점,모집인
부대비용: - 인지세 : 해당세액 × 50%(대출금액 5천만원 이하시 없음)
중도상환수수료: 없음
연체금리: nan"
대백저축은행,마이홈주택담보대출(종통),"영업점,모집인","- 인지세 : 해당세액 × 50%(대출금액 5천만원 이하시 없음) 
- 국민주택채권 매입 : 대출금액 × 130% × 1% × 채권할인율
- 화재보험료",없음,,- LTV 70%,아파트,만기일시상환방식,,6.0,8.5,,"상품명: 마이홈주택담보대출(종통)
금융회사: 대백저축은행
담보유형: 아파트
상환방식: 만기일시상환방식
금리유형: nan
최저금리: 6.0%
최고금리: 8.5%
평균금리: nan%
대출한도: - LTV 70%
가입방법: 영업점,모집인
부대비용: - 인지세 : 해당세액 × 50%(대출금액 5천만원 이하시 없음) 
- 국민주택채권 매입 : 대출금액 × 130% × 1% × 채권할인율
- 화재보험료
중도상환수수료: 없음
연체금리: nan"
MS저축은행,중도금대출(주택),영업점,-인지세: 해당세액 x 50%(대출금액 5천만원이하시 없음),- 없음,,- 분양가의 60%,아파트,만기일시상환방식,,5.2,6.5,5.2,"상품명: 중도금대출(주택)
금융회사: MS저축은행
담보유형: 아파트
상환방식: 만기일시상환방식
금리유형: nan
최저금리: 5.2%
최고금리: 6.5%
평균금리: 5.2%
대출한도: - 분양가의 60%
가입방법: 영업점
부대비용: -인지세: 해당세액 x 50%(대출금액 5천만원이하시 없음)
중도상환수수료: - 없음
연체금리: nan"
평택저축은행,주택담보대출,영업점,"1. 인지세 : 해당세액 × 50%(대출금액 5천만원 이하시 없음)
2. 화재보험료
3. 근저당권설정시 채권매입비용","중도상환금액×0.58%×(대출잔여일수÷대출기간 총일수)
* 대출 취급 후 3년 경과시 면제",,"- LTV 70%
- DTI 60%
- DSR 50%
(최대 8억원)
(단, 투기(과열)지역 및 조정대상지역의 경우 별도 적용)",아파트외,만기일시상환방식,,10.85,13.85,,"상품명: 주택담보대출
금융회사: 평택저축은행
담보유형: 아파트외
상환방식: 만기일시상환방식
금리유형: nan
최저금리: 10.85%
최고금리: 13.85%
평균금리: nan%
대출한도: - LTV 70%
- DTI 60%
- DSR 50%
(최대 8억원)
(단, 투기(과열)지역 및 조정대상지역의 경우 별도 적용)
가입방법: 영업점
부대비용: 1. 인지세 : 해당세액 × 50%(대출금액 5천만원 이하시 없음)
2. 화재보험료
3. 근저당권설정시 채권매입비용
중도상환수수료: 중도상환금액×0.58%×(대출잔여일수÷대출기간 총일수)
* 대출 취급 후 3년 경과시 면제
연체금리: nan"
안양저축은행,일반자금대출,"영업점,모집인","인지세:해당세액 x 50%(대출금액 5천만원 이하시 없음)

국민주택채권매입: 대출금액 x 130% x 1% x 채권할인율","- 중도상환금액×변동1.16%×(대출잔여일수÷대출기간 총일수)
- 중도상환금액×고정1.1%×(대출잔여일수÷대출기간 총일수)
- 없음",,"LTV 70%
단,투기(과열)지역 및 조정대상지역의 경우 별도적용",아파트,만기일시상환방식,,7.5,7.5,7.5,"상품명: 일반자금대출
금융회사: 안양저축은행
담보유형: 아파트
상환방식: 만기일시상환방식
금리유형: nan
최저금리: 7.5%
최고금리: 7.5%
평균금리: 7.5%
대출한도: LTV 70%
단,투기(과열)지역 및 조정대상지역의 경우 별도적용
가입방법: 영업점,모집인
부대비용: 인지세:해당세액 x 50%(대출금액 5천만원 이하시 없음)

국민주택채권매입: 대출금액 x 130% x 1% x 채권할인율
중도상환수수료: - 중도상환금액×변동1.16%×(대출잔여일수÷대출기간 총일수)
- 중도상환금액×고정1.1%×(대출잔여일수÷대출기간 총일수)
- 없음
연체금리: nan"
영진저축은행,일반자금대출,영업점,"- 인지세 : 1/2
- 국민주택채권 매입비용 등",- 중도상환금액×1%이내×(대출잔여일수÷대출기간 총일수),,"LTV 70% 이내
(지역별, 유형별 차주별 차등적용)",아파트,만기일시상환방식,,4.0,19.0,,"상품명: 일반자금대출
금융회사: 영진저축은행
담보유형: 아파트
상환방식: 만기일시상환방식
금리유형: nan
최저금리: 4.0%
최고금리: 19.0%
평균금리: nan%
대출한도: LTV 70% 이내
(지역별, 유형별 차주별 차등적용)
가입방법: 영업점
부대비용: - 인지세 : 1/2
- 국민주택채권 매입비용 등
중도상환수수료: - 중도상환금액×1%이내×(대출잔여일수÷대출기간 총일수)
연체금리: nan"
영진저축은행,종합통장대출,영업점,"- 인지세 : 1/2
- 국민주택채권 매입비용 등",없음,,"LTV 70% 이내
(지역별, 유형별 차주별 차등적용)",아파트,만기일시상환방식,,4.0,19.0,,"상품명: 종합통장대출
금융회사: 영진저축은행
담보유형: 아파트
상환방식: 만기일시상환방식
금리유형: nan
최저금리: 4.0%
최고금리: 19.0%
평균금리: nan%
대출한도: LTV 70% 이내
(지역별, 유형별 차주별 차등적용)
가입방법: 영업점
부대비용: - 인지세 : 1/2
- 국민주택채권 매입비용 등
중도상환수수료: 없음
연체금리: nan"
융창저축은행,부동산담보대출,"영업점,모집인","- 인지세 : 해당세액 × 50%(대출금액 5천만원 이하시 없음)
- 국민주택채권매입비 및 근저당권 관련 비용 
- 화재보험료(가입 필요시)","- 중도상환금액×1.5%이내 차등적용×(대출잔여일수÷대출기간 총일수)
- 대출 취급 후 3년 경과시 면제",,"경우에 따라 
차등적용
(LTV 55%~85%)",,,,,,,"상품명: 부동산담보대출
금융회사: 융창저축은행
담보유형: nan
상환방식: nan
금리유형: nan
최저금리: nan%
최고금리: nan%
평균금리: nan%
대출한도: 경우에 따라 
차등적용
(LTV 55%~85%)
가입방법: 영업점,모집인
부대비용: - 인지세 : 해당세액 × 50%(대출금액 5천만원 이하시 없음)
- 국민주택채권매입비 및 근저당권 관련 비용 
- 화재보험료(가입 필요시)
중도상환수수료: - 중도상환금액×1.5%이내 차등적용×(대출잔여일수÷대출기간 총일수)
- 대출 취급 후 3년 경과시 면제
연체금리: nan"
페퍼저축은행,페퍼홈론,"영업점,인터넷,스마트폰,모집인,전화(텔레뱅킹),기타","- 인지세 : 해당세액 × 50%(대출금액 5천만원 이하시 없음)
- 국민주택채권 매입 : 근저당설정금액 × 1% × 채권할인율
- 화재보험료
- 기존 근저당권 설정등기의 감액/말소 비용","- 중도상환금액×2%×(대출잔여일수÷대출기간 총일수)
* 대출 취급 후 3년 경과시 면제",,"- LTV 최대 70%
(지역별, 고객등급별 차등 적용)",아파트,분할상환방식,,6.0,6.2,,"상품명: 페퍼홈론
금융회사: 페퍼저축은행
담보유형: 아파트
상환방식: 분할상환방식
금리유형: nan
최저금리: 6.0%
최고금리: 6.2%
평균금리: nan%
대출한도: - LTV 최대 70%
(지역별, 고객등급별 차등 적용)
가입방법: 영업점,인터넷,스마트폰,모집인,전화(텔레뱅킹),기타
부대비용: - 인지세 : 해당세액 × 50%(대출금액 5천만원 이하시 없음)
- 국민주택채권 매입 : 근저당설정금액 × 1% × 채권할인율
- 화재보험료
- 기존 근저당권 설정등기의 감액/말소 비용
중도상환수수료: - 중도상환금액×2%×(대출잔여일수÷대출기간 총일수)
* 대출 취급 후 3년 경과시 면제
연체금리: nan"
CK저축은행,주택담보대출,영업점,- 인지세 : 해당 세액 × 50% - 화재보험료,"- 중도상환금액 × 2% × (대출잔여일수 ÷ 대출기간 총일수)
- 대출취급후 2년후 면제",,LTV 70%,아파트외,만기일시상환방식,,8.0,15.0,,"상품명: 주택담보대출
금융회사: CK저축은행
담보유형: 아파트외
상환방식: 만기일시상환방식
금리유형: nan
최저금리: 8.0%
최고금리: 15.0%
평균금리: nan%
대출한도: LTV 70%
가입방법: 영업점
부대비용: - 인지세 : 해당 세액 × 50% - 화재보험료
중도상환수수료: - 중도상환금액 × 2% × (대출잔여일수 ÷ 대출기간 총일수)
- 대출취급후 2년후 면제
연체금리: nan"
대명상호저축은행,주택담보대출,"영업점,모집인","5,000만원 초과시 인지세50%부담","0.84%이하, 중도상환금액×수수료율×대출잔여일수/대출기간",,"KB부동산시세70, 감정가70",아파트,분할상환방식,,3.9,13.79,,"상품명: 주택담보대출
금융회사: 대명상호저축은행
담보유형: 아파트
상환방식: 분할상환방식
금리유형: nan
최저금리: 3.9%
최고금리: 13.79%
평균금리: nan%
대출한도: KB부동산시세70, 감정가70
가입방법: 영업점,모집인
부대비용: 5,000만원 초과시 인지세50%부담
중도상환수수료: 0.84%이하, 중도상환금액×수수료율×대출잔여일수/대출기간
연체금리: nan"
청주저축은행,일반자금대출,"영업점,모집인","소비자 일부부담: 인지세 50%
소비자 전체부담
1. 주택채권매입비용
2. 근저당권 말소비용
3. 변경등기",중도상환금액×2%×(대출잔여일수/대출기간),,LTV 70%,아파트,만기일시상환방식,,4.8,13.0,9.38,"상품명: 일반자금대출
금융회사: 청주저축은행
담보유형: 아파트
상환방식: 만기일시상환방식
금리유형: nan
최저금리: 4.8%
최고금리: 13.0%
평균금리: 9.38%
대출한도: LTV 70%
가입방법: 영업점,모집인
부대비용: 소비자 일부부담: 인지세 50%
소비자 전체부담
1. 주택채권매입비용
2. 근저당권 말소비용
3. 변경등기
중도상환수수료: 중도상환금액×2%×(대출잔여일수/대출기간)
연체금리: nan"
오투저축은행,주택담보대출,영업점,인지세 : 해당세액 × 50%(대출금액 5천만원 이하시 없음),"- 중도상환금액×[1%~2%]×(대출잔여일수÷대출기간 총일수)
- 자납시 면제",,LTV 60%,아파트,만기일시상환방식,,5.0,15.0,5.44,"상품명: 주택담보대출
금융회사: 오투저축은행
담보유형: 아파트
상환방식: 만기일시상환방식
금리유형: nan
최저금리: 5.0%
최고금리: 15.0%
평균금리: 5.44%
대출한도: LTV 60%
가입방법: 영업점
부대비용: 인지세 : 해당세액 × 50%(대출금액 5천만원 이하시 없음)
중도상환수수료: - 중도상환금액×[1%~2%]×(대출잔여일수÷대출기간 총일수)
- 자납시 면제
연체금리: nan"
스타저축은행,6개월변동금리적용 - APT론,영업점,"설정비 면제(국민주택 채권매입비 고객부담)
인지세법에서 정한 금액의 50%부담","기한전상환대출금액×기한전상환수수료율×대출잔여일수/대출약정기간

*기한전상환수수료율 -1년이내 2%, 2년이내 1%, 3년이내 0.5%",,LTV 70%,아파트,분할상환방식,,6.62,9.0,,"상품명: 6개월변동금리적용 - APT론
금융회사: 스타저축은행
담보유형: 아파트
상환방식: 분할상환방식
금리유형: nan
최저금리: 6.62%
최고금리: 9.0%
평균금리: nan%
대출한도: LTV 70%
가입방법: 영업점
부대비용: 설정비 면제(국민주택 채권매입비 고객부담)
인지세법에서 정한 금액의 50%부담
중도상환수수료: 기한전상환대출금액×기한전상환수수료율×대출잔여일수/대출약정기간

*기한전상환수수료율 -1년이내 2%, 2년이내 1%, 3년이내 0.5%
연체금리: nan"
대한저축은행,일반자금대출(주택담보),영업점,"- 인지세 : 해당세액 × 50%(대출금액 5천만원 이하시 없음)
- 국민주택채권 매입 : 대출금액 × 130% × 1% × 채권할인율
- 화재보험료
- 주택신보출연료(신규 주택구입시에 한함)",- 중도상환금액 * [2.0%] * (대출잔여일수/대출기간 총일수),,"70%
(서민실소유자의 경우 최대 70%까지 / 생애최초주택구매자의 경우 최대 80%까지)",아파트,만기일시상환방식,,5.7,8.2,,"상품명: 일반자금대출(주택담보)
금융회사: 대한저축은행
담보유형: 아파트
상환방식: 만기일시상환방식
금리유형: nan
최저금리: 5.7%
최고금리: 8.2%
평균금리: nan%
대출한도: 70%
(서민실소유자의 경우 최대 70%까지 / 생애최초주택구매자의 경우 최대 80%까지)
가입방법: 영업점
부대비용: - 인지세 : 해당세액 × 50%(대출금액 5천만원 이하시 없음)
- 국민주택채권 매입 : 대출금액 × 130% × 1% × 채권할인율
- 화재보험료
- 주택신보출연료(신규 주택구입시에 한함)
중도상환수수료: - 중도상환금액 * [2.0%] * (대출잔여일수/대출기간 총일수)
연체금리: nan"
센트럴저축은행,일반자금대출(만기일시),영업점,"인지세(인지세의 50% 고객부담)
국민주택채권 매입비용
기존 근저당권 설정등기의 주소변경, 감액/말소 비용
확인서면(등기필증이 없는 경우)",연1.5%(기한전상환대출금액×기한전상환수수료율×대출잔여일수/대출기간),,유형 및 지역에 따라 차등,아파트,분할상환방식,,4.5,12.0,,"상품명: 일반자금대출(만기일시)
금융회사: 센트럴저축은행
담보유형: 아파트
상환방식: 분할상환방식
금리유형: nan
최저금리: 4.5%
최고금리: 12.0%
평균금리: nan%
대출한도: 유형 및 지역에 따라 차등
가입방법: 영업점
부대비용: 인지세(인지세의 50% 고객부담)
국민주택채권 매입비용
기존 근저당권 설정등기의 주소변경, 감액/말소 비용
확인서면(등기필증이 없는 경우)
중도상환수수료: 연1.5%(기한전상환대출금액×기한전상환수수료율×대출잔여일수/대출기간)
연체금리: nan"
센트럴저축은행,일반자금대출(원금균등),영업점,"인지세(인지세의 50% 고객부담)
국민주택채권 매입비용
기존 근저당권 설정등기의 주소변경, 감액/말소 비용
확인서면(등기필증이 없는 경우)",연1.5%(기한전상환대출금액×기한전상환수수료율×대출잔여일수/대출기간),,유형 및 지역에 따라 차등,아파트외,만기일시상환방식,,4.5,12.0,,"상품명: 일반자금대출(원금균등)
금융회사: 센트럴저축은행
담보유형: 아파트외
상환방식: 만기일시상환방식
금리유형: nan
최저금리: 4.5%
최고금리: 12.0%
평균금리: nan%
대출한도: 유형 및 지역에 따라 차등
가입방법: 영업점
부대비용: 인지세(인지세의 50% 고객부담)
국민주택채권 매입비용
기존 근저당권 설정등기의 주소변경, 감액/말소 비용
확인서면(등기필증이 없는 경우)
중도상환수수료: 연1.5%(기한전상환대출금액×기한전상환수수료율×대출잔여일수/대출기간)
연체금리: nan"
센트럴저축은행,가계종합통장대출,영업점,"인지세(인지세의 50% 고객부담)
국민주택채권 매입비용
기존 근저당권 설정등기의 주소변경, 감액/말소 비용
확인서면(등기필증이 없는 경우)",연1.5%(기한전상환대출금액×기한전상환수수료율×대출잔여일수/대출기간),,유형 및 지역에 따라 차등,아파트,만기일시상환방식,,4.0,19.0,,"상품명: 가계종합통장대출
금융회사: 센트럴저축은행
담보유형: 아파트
상환방식: 만기일시상환방식
금리유형: nan
최저금리: 4.0%
최고금리: 19.0%
평균금리: nan%
대출한도: 유형 및 지역에 따라 차등
가입방법: 영업점
부대비용: 인지세(인지세의 50% 고객부담)
국민주택채권 매입비용
기존 근저당권 설정등기의 주소변경, 감액/말소 비용
확인서면(등기필증이 없는 경우)
중도상환수수료: 연1.5%(기한전상환대출금액×기한전상환수수료율×대출잔여일수/대출기간)
연체금리: nan"
스마트저축은행,중도금(주택)대출,"영업점,기타","-인지세(대출금액 5천만원 초과시 발생) : 해당세액 × 50%
-국민주택채권 매입금액 : 대출금액 × 130% × 1% × 채권할인율","중도상환수수료 : 만기 이전에 대출금을 중도상환하는 경우 당초 대출일로부터 최장 3년까지 수수료 발생
? 중도상환수수료 = 중도상환원금 X 수수료율(담보 및 금리 종류별로 구분 적용) X 잔존일수 ÷ 대출기간",,"총 분양가의 최대 60%
(사업장별로 상이)",아파트외,만기일시상환방식,,7.0,7.0,7.0,"상품명: 중도금(주택)대출
금융회사: 스마트저축은행
담보유형: 아파트외
상환방식: 만기일시상환방식
금리유형: nan
최저금리: 7.0%
최고금리: 7.0%
평균금리: 7.0%
대출한도: 총 분양가의 최대 60%
(사업장별로 상이)
가입방법: 영업점,기타
부대비용: -인지세(대출금액 5천만원 초과시 발생) : 해당세액 × 50%
-국민주택채권 매입금액 : 대출금액 × 130% × 1% × 채권할인율
중도상환수수료: 중도상환수수료 : 만기 이전에 대출금을 중도상환하는 경우 당초 대출일로부터 최장 3년까지 수수료 발생
? 중도상환수수료 = 중도상환원금 X 수수료율(담보 및 금리 종류별로 구분 적용) X 잔존일수 ÷ 대출기간
연체금리: nan"
한국투자저축은행,중도금대출_주택,"영업점,기타","- 인지비용 : 대출금 5천만원까지는 수입인지 비용이 없으며, 5천만원 초과시 대출 금액별 수입인지 비용 차등 부과
(수입인지 비용은 각50%씩 고객과 저축은행이 부담)","- 상환금액의 1.0% 이내
(최초 대출취급일로부터 3년 이후 면제)
- 기한전상환대출금액x기한전상환수수료율x대출잔여일수/대출약정기간",,사업장별로 대출한도 상이함,아파트,만기일시상환방식,,5.0,6.66,5.69,"상품명: 중도금대출_주택
금융회사: 한국투자저축은행
담보유형: 아파트
상환방식: 만기일시상환방식
금리유형: nan
최저금리: 5.0%
최고금리: 6.66%
평균금리: 5.69%
대출한도: 사업장별로 대출한도 상이함
가입방법: 영업점,기타
부대비용: - 인지비용 : 대출금 5천만원까지는 수입인지 비용이 없으며, 5천만원 초과시 대출 금액별 수입인지 비용 차등 부과
(수입인지 비용은 각50%씩 고객과 저축은행이 부담)
중도상환수수료: - 상환금액의 1.0% 이내
(최초 대출취급일로부터 3년 이후 면제)
- 기한전상환대출금액x기한전상환수수료율x대출잔여일수/대출약정기간
연체금리: nan"
한국투자저축은행,가계아파트담보대출,"영업점,인터넷,기타","- 근저당권 관련비용(국민주택채권매입비, 말소비용 등) 및 화재보험료
- 인지비용 : 대출금 5천만원까지는 수입인지 비용이 없으며, 5천만원 초과시 대출 금액별 수입인지 비용 차등 부과
(수입인지 비용은 각50%씩 고객과 저축은행이 부담)","- 상환금액의 1.0% 이내
(최초 대출취급일로부터 3년 이후 면제)
- 기한전상환대출금액x기한전상환수수료율x대출잔여일수/대출약정기간",,규제지역별 LTV 한도 차등 적용,아파트,분할상환방식,,5.15,6.95,,"상품명: 가계아파트담보대출
금융회사: 한국투자저축은행
담보유형: 아파트
상환방식: 분할상환방식
금리유형: nan
최저금리: 5.15%
최고금리: 6.95%
평균금리: nan%
대출한도: 규제지역별 LTV 한도 차등 적용
가입방법: 영업점,인터넷,기타
부대비용: - 근저당권 관련비용(국민주택채권매입비, 말소비용 등) 및 화재보험료
- 인지비용 : 대출금 5천만원까지는 수입인지 비용이 없으며, 5천만원 초과시 대출 금액별 수입인지 비용 차등 부과
(수입인지 비용은 각50%씩 고객과 저축은행이 부담)
중도상환수수료: - 상환금액의 1.0% 이내
(최초 대출취급일로부터 3년 이후 면제)
- 기한전상환대출금액x기한전상환수수료율x대출잔여일수/대출약정기간
연체금리: nan"
한국투자저축은행,연립다세대담보대출,영업점,"- 근저당권 관련비용(국민주택채권매입비, 말소비용 등) 및 화재보험료
- 인지비용 : 대출금 5천만원까지는 수입인지 비용이 없으며, 5천만원 초과시 대출 금액별 수입인지 비용 차등 부과
(수입인지 비용은 각50%씩 고객과 저축은행이 부담)","- 상환금액의 1.0% 이내
(최초 대출취급일로부터 3년 이후 면제)
- 기한전상환대출금액x기한전상환수수료율x대출잔여일수/대출약정기간",,감정가75% 이내,아파트외,분할상환방식,,4.77,8.77,,"상품명: 연립다세대담보대출
금융회사: 한국투자저축은행
담보유형: 아파트외
상환방식: 분할상환방식
금리유형: nan
최저금리: 4.77%
최고금리: 8.77%
평균금리: nan%
대출한도: 감정가75% 이내
가입방법: 영업점
부대비용: - 근저당권 관련비용(국민주택채권매입비, 말소비용 등) 및 화재보험료
- 인지비용 : 대출금 5천만원까지는 수입인지 비용이 없으며, 5천만원 초과시 대출 금액별 수입인지 비용 차등 부과
(수입인지 비용은 각50%씩 고객과 저축은행이 부담)
중도상환수수료: - 상환금액의 1.0% 이내
(최초 대출취급일로부터 3년 이후 면제)
- 기한전상환대출금액x기한전상환수수료율x대출잔여일수/대출약정기간
연체금리: nan"
한국투자저축은행,부동산담보(주택),"영업점,모집인,기타","- 근저당권 관련비용(국민주택채권매입비, 말소비용 등) 및 화재보험료
- 인지비용 : 대출금 5천만원까지는 수입인지 비용이 없으며, 5천만원 초과시 대출 금액별 수입인지 비용 차등 부과
(수입인지 비용은 각50%씩 고객과 저축은행이 부담)","- 상환금액의 1.0% 이내
(최초 대출취급일로부터 3년 이후 면제)
- 기한전상환대출금액x기한전상환수수료율x대출잔여일수/대출약정기간",,부동산 유형 및 지역에 따라 차등 적용,아파트외,만기일시상환방식,,6.02,12.92,,"상품명: 부동산담보(주택)
금융회사: 한국투자저축은행
담보유형: 아파트외
상환방식: 만기일시상환방식
금리유형: nan
최저금리: 6.02%
최고금리: 12.92%
평균금리: nan%
대출한도: 부동산 유형 및 지역에 따라 차등 적용
가입방법: 영업점,모집인,기타
부대비용: - 근저당권 관련비용(국민주택채권매입비, 말소비용 등) 및 화재보험료
- 인지비용 : 대출금 5천만원까지는 수입인지 비용이 없으며, 5천만원 초과시 대출 금액별 수입인지 비용 차등 부과
(수입인지 비용은 각50%씩 고객과 저축은행이 부담)
중도상환수수료: - 상환금액의 1.0% 이내
(최초 대출취급일로부터 3년 이후 면제)
- 기한전상환대출금액x기한전상환수수료율x대출잔여일수/대출약정기간
연체금리: nan"
라온저축은행,일반자금대출,영업점,"- 인지세 : 해당세액 × 50%(대출금액 5천만원 이하시 없음)
- 국민주택채권 매입 : 대출금액 × 130% × 1% × 채권할인율","가계주택담보 - 중도상환금액×0.2%×(대출잔여일수÷대출기간 총일수)
기업주택담보- 중도상환금액×0.92%×(대출잔여일수÷대출기간 총일수)",,"- LTV 70%
- DSR 50%",아파트,만기일시상환방식,,7.5,7.5,7.5,"상품명: 일반자금대출
금융회사: 라온저축은행
담보유형: 아파트
상환방식: 만기일시상환방식
금리유형: nan
최저금리: 7.5%
최고금리: 7.5%
평균금리: 7.5%
대출한도: - LTV 70%
- DSR 50%
가입방법: 영업점
부대비용: - 인지세 : 해당세액 × 50%(대출금액 5천만원 이하시 없음)
- 국민주택채권 매입 : 대출금액 × 130% × 1% × 채권할인율
중도상환수수료: 가계주택담보 - 중도상환금액×0.2%×(대출잔여일수÷대출기간 총일수)
기업주택담보- 중도상환금액×0.92%×(대출잔여일수÷대출기간 총일수)
연체금리: nan"
대아상호저축은행,일반자금대출,영업점,"5천만원이하 : 없음
1억원이하 : 70,000
10억원이하 : 150,000
10억원초과 : 350,000",3년 이내 중도상환 시 최대 2.0%(잔여일수에 대해 차등적용),,"(최소)100만원~(최대)15,000만원",아파트외,만기일시상환방식,,4.5,12.8,,"상품명: 일반자금대출
금융회사: 대아상호저축은행
담보유형: 아파트외
상환방식: 만기일시상환방식
금리유형: nan
최저금리: 4.5%
최고금리: 12.8%
평균금리: nan%
대출한도: (최소)100만원~(최대)15,000만원
가입방법: 영업점
부대비용: 5천만원이하 : 없음
1억원이하 : 70,000
10억원이하 : 150,000
10억원초과 : 350,000
중도상환수수료: 3년 이내 중도상환 시 최대 2.0%(잔여일수에 대해 차등적용)
연체금리: nan"
머스트삼일저축은행,중도금대출,"영업점,기타",- 인지세 : 해당세액 × 50%(대출금액 5천만원 이하시 없음),없음,,-분양금액 60%이내,아파트,만기일시상환방식,,5.0,6.5,5.61,"상품명: 중도금대출
금융회사: 머스트삼일저축은행
담보유형: 아파트
상환방식: 만기일시상환방식
금리유형: nan
최저금리: 5.0%
최고금리: 6.5%
평균금리: 5.61%
대출한도: -분양금액 60%이내
가입방법: 영업점,기타
부대비용: - 인지세 : 해당세액 × 50%(대출금액 5천만원 이하시 없음)
중도상환수수료: 없음
연체금리: nan"
오성저축은행,중도금대출(주택),영업점,- 인지세 : 해당세액 × 50%(대출금액 5천만원 이하시 없음),"면제(단, 타 금융기관 대출로 상환하는 경우, 상환금액의 1.0%를 중도상환 수수료로 징구)",,- 분양가액 X 60%,아파트외,만기일시상환방식,,8.0,15.0,,"상품명: 중도금대출(주택)
금융회사: 오성저축은행
담보유형: 아파트외
상환방식: 만기일시상환방식
금리유형: nan
최저금리: 8.0%
최고금리: 15.0%
평균금리: nan%
대출한도: - 분양가액 X 60%
가입방법: 영업점
부대비용: - 인지세 : 해당세액 × 50%(대출금액 5천만원 이하시 없음)
중도상환수수료: 면제(단, 타 금융기관 대출로 상환하는 경우, 상환금액의 1.0%를 중도상환 수수료로 징구)
연체금리: nan"
대원저축은행,일반자금대출,영업점,"- 인지세 : 해당세액 × 50%(대출금액 5천만원 이하시 없음) 
- 국민주택채권 매입 : 대출금액 × 130% × 1% × 채권할인율",- 중도상환금액×1.2%×(대출잔여일수÷대출기간 총일수),,- LTV 70%,아파트외,만기일시상환방식,,5.0,10.0,,"상품명: 일반자금대출
금융회사: 대원저축은행
담보유형: 아파트외
상환방식: 만기일시상환방식
금리유형: nan
최저금리: 5.0%
최고금리: 10.0%
평균금리: nan%
대출한도: - LTV 70%
가입방법: 영업점
부대비용: - 인지세 : 해당세액 × 50%(대출금액 5천만원 이하시 없음) 
- 국민주택채권 매입 : 대출금액 × 130% × 1% × 채권할인율
중도상환수수료: - 중도상환금액×1.2%×(대출잔여일수÷대출기간 총일수)
연체금리: nan"
솔브레인저축은행,일반자금대출(월수일시),영업점,인지세 : 해당세액 x 50%(대출금액 5천만원 이하시 없음),중도상환금액×0.54%×대출잔여일수/대출약정기간,,"KB부동산 시세의 최대 70%(단, 신용평점 및 지역에 따라 선별적으로 심사)",아파트,분할상환방식,,4.5,12.0,,"상품명: 일반자금대출(월수일시)
금융회사: 솔브레인저축은행
담보유형: 아파트
상환방식: 분할상환방식
금리유형: nan
최저금리: 4.5%
최고금리: 12.0%
평균금리: nan%
대출한도: KB부동산 시세의 최대 70%(단, 신용평점 및 지역에 따라 선별적으로 심사)
가입방법: 영업점
부대비용: 인지세 : 해당세액 x 50%(대출금액 5천만원 이하시 없음)
중도상환수수료: 중도상환금액×0.54%×대출잔여일수/대출약정기간
연체금리: nan"
솔브레인저축은행,일반자금대출(월수분할),영업점,인지세 : 해당세액 x 50%(대출금액 5천만원 이하시 없음),중도상환금액×0.54%×대출잔여일수/대출약정기간,,"KB부동산 시세의 최대 70%(단, 신용평점 및 지역에 따라 선별적으로 심사)",아파트외,만기일시상환방식,,4.5,12.0,,"상품명: 일반자금대출(월수분할)
금융회사: 솔브레인저축은행
담보유형: 아파트외
상환방식: 만기일시상환방식
금리유형: nan
최저금리: 4.5%
최고금리: 12.0%
평균금리: nan%
대출한도: KB부동산 시세의 최대 70%(단, 신용평점 및 지역에 따라 선별적으로 심사)
가입방법: 영업점
부대비용: 인지세 : 해당세액 x 50%(대출금액 5천만원 이하시 없음)
중도상환수수료: 중도상환금액×0.54%×대출잔여일수/대출약정기간
연체금리: nan"
솔브레인저축은행,일반자금대출(월수균등),영업점,인지세 : 해당세액 x 50%(대출금액 5천만원 이하시 없음),중도상환금액×0.54%×대출잔여일수/대출약정기간,,"KB부동산 시세의 최대 70%(단, 신용평점 및 지역에 따라 선별적으로 심사)",아파트,만기일시상환방식,,5.0,15.0,,"상품명: 일반자금대출(월수균등)
금융회사: 솔브레인저축은행
담보유형: 아파트
상환방식: 만기일시상환방식
금리유형: nan
최저금리: 5.0%
최고금리: 15.0%
평균금리: nan%
대출한도: KB부동산 시세의 최대 70%(단, 신용평점 및 지역에 따라 선별적으로 심사)
가입방법: 영업점
부대비용: 인지세 : 해당세액 x 50%(대출금액 5천만원 이하시 없음)
중도상환수수료: 중도상환금액×0.54%×대출잔여일수/대출약정기간
연체금리: nan"
솔브레인저축은행,가계종합통장대출,영업점,인지세 : 해당세액 x 50%(대출금액 5천만원 이하시 없음),중도상환금액×0.54%×대출잔여일수/대출약정기간,,"KB부동산 시세의 최대 70%(단, 신용평점 및 지역에 따라 선별적으로 심사)",아파트,만기일시상환방식,,4.0,19.0,,"상품명: 가계종합통장대출
금융회사: 솔브레인저축은행
담보유형: 아파트
상환방식: 만기일시상환방식
금리유형: nan
최저금리: 4.0%
최고금리: 19.0%
평균금리: nan%
대출한도: KB부동산 시세의 최대 70%(단, 신용평점 및 지역에 따라 선별적으로 심사)
가입방법: 영업점
부대비용: 인지세 : 해당세액 x 50%(대출금액 5천만원 이하시 없음)
중도상환수수료: 중도상환금액×0.54%×대출잔여일수/대출약정기간
연체금리: nan"
동원제일저축은행,주택담보,영업점,"-인지세 비용: 인지세법에 의해 대출금 5천만원까지 수입인지 비용이 없음, 5천만원 초과시 대출금액별로 수입인지 비용 차등부과, 비용은 각 50%씩 고객과 은행이 부담
-근저당 설정비용(신탁비용): 은행부담
-근저당 해지수수료: 고객부담
-취급수수료: 없음
-기타수수료: 없음
-국민주택채권 매입비용: 고객부담
-화재보험료: 고객부담
-감정평가료: 은행부담","□ 기한전상환수수료율:
기업대출 : 0.9%이내, 가계대출 : 0.94%이내 
- 잔여일수에 따라 차등적용
- 대출기한전상환수수료 포함 연20.0% 이내
- 산식 
: 기한전대출상환금액 x 기한전상환수수료율 x (대출잔여일수 ÷ 대출기간)
※ 단, 대출개시일로부터 
최대 3년이내 상환시 적용",,"□ KB시세 일반가의 
최대 90%
개인 : KB시세 일반가 
최대 70%
사업자 : 90%",아파트,분할상환방식,,5.0,15.0,,"상품명: 주택담보
금융회사: 동원제일저축은행
담보유형: 아파트
상환방식: 분할상환방식
금리유형: nan
최저금리: 5.0%
최고금리: 15.0%
평균금리: nan%
대출한도: □ KB시세 일반가의 
최대 90%
개인 : KB시세 일반가 
최대 70%
사업자 : 90%
가입방법: 영업점
부대비용: -인지세 비용: 인지세법에 의해 대출금 5천만원까지 수입인지 비용이 없음, 5천만원 초과시 대출금액별로 수입인지 비용 차등부과, 비용은 각 50%씩 고객과 은행이 부담
-근저당 설정비용(신탁비용): 은행부담
-근저당 해지수수료: 고객부담
-취급수수료: 없음
-기타수수료: 없음
-국민주택채권 매입비용: 고객부담
-화재보험료: 고객부담
-감정평가료: 은행부담
중도상환수수료: □ 기한전상환수수료율:
기업대출 : 0.9%이내, 가계대출 : 0.94%이내 
- 잔여일수에 따라 차등적용
- 대출기한전상환수수료 포함 연20.0% 이내
- 산식 
: 기한전대출상환금액 x 기한전상환수수료율 x (대출잔여일수 ÷ 대출기간)
※ 단, 대출개시일로부터 
최대 3년이내 상환시 적용
연체금리: nan"
조흥저축은행,주택담보대출,영업점,"- 인지세 : 해당 세액 × 50%
- 국민주택채권 매입비용",0.68%,,LTV 70%,아파트외,만기일시상환방식,,7.5,11.9,8.0,"상품명: 주택담보대출
금융회사: 조흥저축은행
담보유형: 아파트외
상환방식: 만기일시상환방식
금리유형: nan
최저금리: 7.5%
최고금리: 11.9%
평균금리: 8.0%
대출한도: LTV 70%
가입방법: 영업점
부대비용: - 인지세 : 해당 세액 × 50%
- 국민주택채권 매입비용
중도상환수수료: 0.68%
연체금리: nan"
진주저축은행,http://www.jinjubank.net,영업점,"- 인지세
5천만원 초과시 인지세 발생(인지세법에서 정한 금액의 50%)","- 중도상환금액×0.52%×대출잔여일수÷대출기간 총일수
- 대출 취급 후 3년 경과시 면제",,"-LTV 최대 70%(고객별, 지역별, 담보물건별 차등적용)",아파트,만기일시상환방식,,7.5,7.5,7.5,"상품명: http://www.jinjubank.net
금융회사: 진주저축은행
담보유형: 아파트
상환방식: 만기일시상환방식
금리유형: nan
최저금리: 7.5%
최고금리: 7.5%
평균금리: 7.5%
대출한도: -LTV 최대 70%(고객별, 지역별, 담보물건별 차등적용)
가입방법: 영업점
부대비용: - 인지세
5천만원 초과시 인지세 발생(인지세법에서 정한 금액의 50%)
중도상환수수료: - 중도상환금액×0.52%×대출잔여일수÷대출기간 총일수
- 대출 취급 후 3년 경과시 면제
연체금리: nan"
예가람저축은행,일반자금대출(주택),"영업점,모집인,기타","- 인지세 : 해당세액 x 50% (대출금액 5천만원 이하시 없음)
- 근저당권 해지수수료
- 국민주택채권매입비","- 중도상환금액 x 1.45% x (대출잔여일수/대출기간 총일수)
- 단, 대출금액 3년 경과 시 또는 만기 1개월 이내 시 면제",,- LTV 70%,아파트,만기일시상환방식,,5.0,15.0,,"상품명: 일반자금대출(주택)
금융회사: 예가람저축은행
담보유형: 아파트
상환방식: 만기일시상환방식
금리유형: nan
최저금리: 5.0%
최고금리: 15.0%
평균금리: nan%
대출한도: - LTV 70%
가입방법: 영업점,모집인,기타
부대비용: - 인지세 : 해당세액 x 50% (대출금액 5천만원 이하시 없음)
- 근저당권 해지수수료
- 국민주택채권매입비
중도상환수수료: - 중도상환금액 x 1.45% x (대출잔여일수/대출기간 총일수)
- 단, 대출금액 3년 경과 시 또는 만기 1개월 이내 시 면제
연체금리: nan"
삼호저축은행,주택담보대출,영업점,"인지세 : 해당세액의50% (대출금액 5천만원 이하시 없음)
국민주택채권 매입 : 대출금액 x 120% x 1% x 채권할인율
화재보험료(아파트 외 물건지에 한함)","중도상환금액 x 중도상환수수료율(개인:1.43%, 기업:1.11%) x (대출잔여일수/대출기간총일수)",,LTV70%,아파트,분할상환방식,,4.96,8.19,,"상품명: 주택담보대출
금융회사: 삼호저축은행
담보유형: 아파트
상환방식: 분할상환방식
금리유형: nan
최저금리: 4.96%
최고금리: 8.19%
평균금리: nan%
대출한도: LTV70%
가입방법: 영업점
부대비용: 인지세 : 해당세액의50% (대출금액 5천만원 이하시 없음)
국민주택채권 매입 : 대출금액 x 120% x 1% x 채권할인율
화재보험료(아파트 외 물건지에 한함)
중도상환수수료: 중도상환금액 x 중도상환수수료율(개인:1.43%, 기업:1.11%) x (대출잔여일수/대출기간총일수)
연체금리: nan"
대신저축은행,대신홈론,"영업점,모집인","*인지세:대출금액별 차등 납부하며 각 50%씩 고객과 저축은행이 부담
-5천만원 이하:비과세 
-5천만원 초과~1억원이하:7만원
-1억원 초과~10억원 이하: 15만원
-10억원 초과:35만원
*기타수수료:국민주택채권매입비 및 근저당 감액/말소등기(등록세,지방교육세,등기신청수수료 및 법무사수수료)비용,화재보험료(아파트외)는 고객부담
*취급수수료:없음","대출취급일로부터 3년 이내 0.76% (2025.01.13 이후 대출실행 고객)
중도상환대출금액 X 중도상환수수료율(0.76%) X (대출잔여일수/ 대출기간))
※면제조건:대출취급일로부터 3년 경과 시 또는 대출 잔존기간 1개월 미만인 경우
※2025.01.12 이전 대출실행 고객은 기존 약정에 따름",,"LTV 70%내
(지역별,차주별 차등 적용)",아파트외,분할상환방식,,7.11,8.53,,"상품명: 대신홈론
금융회사: 대신저축은행
담보유형: 아파트외
상환방식: 분할상환방식
금리유형: nan
최저금리: 7.11%
최고금리: 8.53%
평균금리: nan%
대출한도: LTV 70%내
(지역별,차주별 차등 적용)
가입방법: 영업점,모집인
부대비용: *인지세:대출금액별 차등 납부하며 각 50%씩 고객과 저축은행이 부담
-5천만원 이하:비과세 
-5천만원 초과~1억원이하:7만원
-1억원 초과~10억원 이하: 15만원
-10억원 초과:35만원
*기타수수료:국민주택채권매입비 및 근저당 감액/말소등기(등록세,지방교육세,등기신청수수료 및 법무사수수료)비용,화재보험료(아파트외)는 고객부담
*취급수수료:없음
중도상환수수료: 대출취급일로부터 3년 이내 0.76% (2025.01.13 이후 대출실행 고객)
중도상환대출금액 X 중도상환수수료율(0.76%) X (대출잔여일수/ 대출기간))
※면제조건:대출취급일로부터 3년 경과 시 또는 대출 잔존기간 1개월 미만인 경우
※2025.01.12 이전 대출실행 고객은 기존 약정에 따름
연체금리: nan"
BNK저축은행,중도금대출(주택),영업점,"대출금 5천만원까지는 없으며, 5천만원 초과시 대출 금액별로 수입인지 비용 차등 부과 
수입인지 비용은 각 50%씩 고객과 저축은행이 부담","기한전상환대출금 × 기한전상환수수료율(가계대출 : 1.65%) × 대출잔여일수 ÷ 대출기간
*면제조건 : 취급 후 3년 초과시 면제",,분양가액의 40%~ 70% 적용,아파트,만기일시상환방식,,5.59,6.0,5.65,"상품명: 중도금대출(주택)
금융회사: BNK저축은행
담보유형: 아파트
상환방식: 만기일시상환방식
금리유형: nan
최저금리: 5.59%
최고금리: 6.0%
평균금리: 5.65%
대출한도: 분양가액의 40%~ 70% 적용
가입방법: 영업점
부대비용: 대출금 5천만원까지는 없으며, 5천만원 초과시 대출 금액별로 수입인지 비용 차등 부과 
수입인지 비용은 각 50%씩 고객과 저축은행이 부담
중도상환수수료: 기한전상환대출금 × 기한전상환수수료율(가계대출 : 1.65%) × 대출잔여일수 ÷ 대출기간
*면제조건 : 취급 후 3년 초과시 면제
연체금리: nan"
JT친애저축은행,원더풀부동산담보대출,기타,"● 인지세 : 고객과 저축은행이 50%씩 부담 
-5천만원이하 : 비과세
-5천만원초과~1억원이하:7만원(각3만5천원)
-1억 초과~10억 이하 :15만원(각7만5천원)
-10억 초과~ : 35만원(각17만5천원)
●국민주택채권매입비용
●근저당권 해지 수수료
●담보물 화재보험료(가입 필요 시)
●감정료 착수비용(감정 필요 시)","조기상환원금x중도상환수수료율0.51%x대출잔여일수/대출약정기간
※ 대출 취급일로부터 3년 경과시 면제",,"- LTV 70%
- DTI 60%
-최대 8억원
- 지역별, 차주별 차등적용",아파트외,만기일시상환방식,,7.22,7.22,,"상품명: 원더풀부동산담보대출
금융회사: JT친애저축은행
담보유형: 아파트외
상환방식: 만기일시상환방식
금리유형: nan
최저금리: 7.22%
최고금리: 7.22%
평균금리: nan%
대출한도: - LTV 70%
- DTI 60%
-최대 8억원
- 지역별, 차주별 차등적용
가입방법: 기타
부대비용: ● 인지세 : 고객과 저축은행이 50%씩 부담 
-5천만원이하 : 비과세
-5천만원초과~1억원이하:7만원(각3만5천원)
-1억 초과~10억 이하 :15만원(각7만5천원)
-10억 초과~ : 35만원(각17만5천원)
●국민주택채권매입비용
●근저당권 해지 수수료
●담보물 화재보험료(가입 필요 시)
●감정료 착수비용(감정 필요 시)
중도상환수수료: 조기상환원금x중도상환수수료율0.51%x대출잔여일수/대출약정기간
※ 대출 취급일로부터 3년 경과시 면제
연체금리: nan"
OK저축은행,일대일시-중도금대출,영업점,"인지세(대출금액별 차등 납부하며 각 50%씩 고객과 저축은행 부담) 
- 5천만원 이하 : 비과세 
- 5천만원 초과 ~ 1억원 이하 : 7만원(각각 3만 5천원) 
- 1억원 초과 ~ 10억원 이하 : 15만원(각각 7만 5천원) 
- 10억원 초과 : 35만원(각각 17만 5천원)

개별 사업 약정 조건 따른 주간·자문·참여·대리은행수수료 비용","기한전 상환대출금액 ×기한전 상환수수료율([가계] 1.13%, [기업]1.55%) × 대출잔여일수 ÷ 대출약정기간 (단, 최초대출취급일로부터 3년 경과 시 중도상환수수료 면제)",,60%이내로 사업장별 상이,아파트,만기일시상환방식,,3.87,12.04,5.83,"상품명: 일대일시-중도금대출
금융회사: OK저축은행
담보유형: 아파트
상환방식: 만기일시상환방식
금리유형: nan
최저금리: 3.87%
최고금리: 12.04%
평균금리: 5.83%
대출한도: 60%이내로 사업장별 상이
가입방법: 영업점
부대비용: 인지세(대출금액별 차등 납부하며 각 50%씩 고객과 저축은행 부담) 
- 5천만원 이하 : 비과세 
- 5천만원 초과 ~ 1억원 이하 : 7만원(각각 3만 5천원) 
- 1억원 초과 ~ 10억원 이하 : 15만원(각각 7만 5천원) 
- 10억원 초과 : 35만원(각각 17만 5천원)

개별 사업 약정 조건 따른 주간·자문·참여·대리은행수수료 비용
중도상환수수료: 기한전 상환대출금액 ×기한전 상환수수료율([가계] 1.13%, [기업]1.55%) × 대출잔여일수 ÷ 대출약정기간 (단, 최초대출취급일로부터 3년 경과 시 중도상환수수료 면제)
연체금리: nan"
OK저축은행,OK모기지론,"영업점,인터넷,스마트폰,모집인","인지세(대출금액별 차등 납부하며 각 50%씩 고객과 저축은행 부담)
- 5천만원 이하 : 비과세
- 5천만원 초과 ~ 1억원 이하 : 7만원(각각 3만 5천원)
- 1억원 초과 ~ 10억원 이하 : 15만원(각각 7만 5천원)
- 10억원 초과 : 35만원(각각 17만 5천원)

인지세, 근저당권 설정 관련 부대비용(국민주택채권, 말소비 등)","- 상환금액의 2.0%이내(최초대출취급일로부터 3년 경과 시 중도상환수수료 면제)
중도상환금액 x 수수료율 x 대출잔여일수/대출기간
수수료율 : 1.13%",,- LTV 70%,아파트,분할상환방식,,6.7,8.4,,"상품명: OK모기지론
금융회사: OK저축은행
담보유형: 아파트
상환방식: 분할상환방식
금리유형: nan
최저금리: 6.7%
최고금리: 8.4%
평균금리: nan%
대출한도: - LTV 70%
가입방법: 영업점,인터넷,스마트폰,모집인
부대비용: 인지세(대출금액별 차등 납부하며 각 50%씩 고객과 저축은행 부담)
- 5천만원 이하 : 비과세
- 5천만원 초과 ~ 1억원 이하 : 7만원(각각 3만 5천원)
- 1억원 초과 ~ 10억원 이하 : 15만원(각각 7만 5천원)
- 10억원 초과 : 35만원(각각 17만 5천원)

인지세, 근저당권 설정 관련 부대비용(국민주택채권, 말소비 등)
중도상환수수료: - 상환금액의 2.0%이내(최초대출취급일로부터 3년 경과 시 중도상환수수료 면제)
중도상환금액 x 수수료율 x 대출잔여일수/대출기간
수수료율 : 1.13%
연체금리: nan"
한화생명보험주식회사,홈드림모기지론,"영업점,모집인","인지세(50%), 주택채권매입비용","선택1 : 36개월 이내 최초대출금액 대비 30%초과 상환금액의 0.8% * 잔존일수 
선택2 : 36개월 이내 최초대출금액 대비 50%초과 상환금액의 1.0% * 잔존일수 36개월",,"감정가의 최고 70%까지 (담보물소재지, 대출금액, 고객신용, 소득 등에 따라 차등적용)",아파트,분할상환방식,,4.33,5.96,4.48,"상품명: 홈드림모기지론
금융회사: 한화생명보험주식회사
담보유형: 아파트
상환방식: 분할상환방식
금리유형: nan
최저금리: 4.33%
최고금리: 5.96%
평균금리: 4.48%
대출한도: 감정가의 최고 70%까지 (담보물소재지, 대출금액, 고객신용, 소득 등에 따라 차등적용)
가입방법: 영업점,모집인
부대비용: 인지세(50%), 주택채권매입비용
중도상환수수료: 선택1 : 36개월 이내 최초대출금액 대비 30%초과 상환금액의 0.8% * 잔존일수 
선택2 : 36개월 이내 최초대출금액 대비 50%초과 상환금액의 1.0% * 잔존일수 36개월
연체금리: nan"
에이비엘생명보험주식회사,ABLMortgage,"영업점,모집인",* 인지대: 대출금액에 따라 부과되는 인지세의 1/2,"* 중도상환수수료율: 3년 내 상환시 상환금액의 1.0%
                            (최초대출금의 30% 이내 상환 시 면제)
* 산정방식 = (중도상환금액 * 상환수수료율 * 부과기간 잔여일수) / 부과기간 일수",,"* 감독원 기준에 따름
* 부동산담보대출 신규취급 잠정 중단",아파트,분할상환방식,,4.43,5.73,,"상품명: ABLMortgage
금융회사: 에이비엘생명보험주식회사
담보유형: 아파트
상환방식: 분할상환방식
금리유형: nan
최저금리: 4.43%
최고금리: 5.73%
평균금리: nan%
대출한도: * 감독원 기준에 따름
* 부동산담보대출 신규취급 잠정 중단
가입방법: 영업점,모집인
부대비용: * 인지대: 대출금액에 따라 부과되는 인지세의 1/2
중도상환수수료: * 중도상환수수료율: 3년 내 상환시 상환금액의 1.0%
                            (최초대출금의 30% 이내 상환 시 면제)
* 산정방식 = (중도상환금액 * 상환수수료율 * 부과기간 잔여일수) / 부과기간 일수
연체금리: nan"
삼성생명보험주식회사,주택담보대출(한도형),"영업점,모집인","인지세(50%), 채권매입비용",없음,,시세(감정가)의 최대 70%,아파트외,분할상환방식,,3.85,4.96,,"상품명: 주택담보대출(한도형)
금융회사: 삼성생명보험주식회사
담보유형: 아파트외
상환방식: 분할상환방식
금리유형: nan
최저금리: 3.85%
최고금리: 4.96%
평균금리: nan%
대출한도: 시세(감정가)의 최대 70%
가입방법: 영업점,모집인
부대비용: 인지세(50%), 채권매입비용
중도상환수수료: 없음
연체금리: nan"
삼성생명보험주식회사,주택담보대출(일반형),"영업점,모집인","인지세(50%), 채권매입비용","- 중도상환금액 X 수수료율(2.0%) X 중도상환수수료부과잔존일수
- 중도상환수수료 총 부과일수(대출원금의 50%까지 상환수수료 면제)",,시세(감정가)의 최대 70%,아파트,분할상환방식,,3.71,4.86,4.17,"상품명: 주택담보대출(일반형)
금융회사: 삼성생명보험주식회사
담보유형: 아파트
상환방식: 분할상환방식
금리유형: nan
최저금리: 3.71%
최고금리: 4.86%
평균금리: 4.17%
대출한도: 시세(감정가)의 최대 70%
가입방법: 영업점,모집인
부대비용: 인지세(50%), 채권매입비용
중도상환수수료: - 중도상환금액 X 수수료율(2.0%) X 중도상환수수료부과잔존일수
- 중도상환수수료 총 부과일수(대출원금의 50%까지 상환수수료 면제)
연체금리: nan"
흥국생명보험주식회사,모기지론,"영업점,모집인","국민주택채권매입비, 인지세(50%)","아파트 : 중도상환금액 x 1.1% x 대출잔여일수/1095
아파트 외: 중도상환금액 x 1.4% x 대출잔여일수/1095",,최고한도 LTV 70% 지역별 차등적용,아파트,분할상환방식,,4.77,4.87,4.82,"상품명: 모기지론
금융회사: 흥국생명보험주식회사
담보유형: 아파트
상환방식: 분할상환방식
금리유형: nan
최저금리: 4.77%
최고금리: 4.87%
평균금리: 4.82%
대출한도: 최고한도 LTV 70% 지역별 차등적용
가입방법: 영업점,모집인
부대비용: 국민주택채권매입비, 인지세(50%)
중도상환수수료: 아파트 : 중도상환금액 x 1.1% x 대출잔여일수/1095
아파트 외: 중도상환금액 x 1.4% x 대출잔여일수/1095
연체금리: nan"
교보생명보험주식회사,교보e아파트론,"영업점,모집인","인지세
-5천만원이하 : 없음
-1억이하 : 7만원 * 50% = 3.5만원
-10억이하 : 15만원 * 50% = 7.5만원
-10억초과 : 35만원 * 50% = 17.5만원","중도상환수수료율: 0.90%(원금 10%이내 상환시 면제)
대출일자부터 3년내 일할계산: 중도상환금액 * 중도상환수수료율 * (잔존일수 / 중도상환수수료부과일수)",,최대 LTV 70% 이내,아파트,분할상환방식,,4.5,5.39,4.57,"상품명: 교보e아파트론
금융회사: 교보생명보험주식회사
담보유형: 아파트
상환방식: 분할상환방식
금리유형: nan
최저금리: 4.5%
최고금리: 5.39%
평균금리: 4.57%
대출한도: 최대 LTV 70% 이내
가입방법: 영업점,모집인
부대비용: 인지세
-5천만원이하 : 없음
-1억이하 : 7만원 * 50% = 3.5만원
-10억이하 : 15만원 * 50% = 7.5만원
-10억초과 : 35만원 * 50% = 17.5만원
중도상환수수료: 중도상환수수료율: 0.90%(원금 10%이내 상환시 면제)
대출일자부터 3년내 일할계산: 중도상환금액 * 중도상환수수료율 * (잔존일수 / 중도상환수수료부과일수)
연체금리: nan"
하나생명보험주식회사,하나생명 아파트담보대출,스마트폰,"1. 인지세
- 대출금액 5천 ~ 1억 : 35,000원
- 1억 ~ 10억 : 75,000원
- 10억 초과 : 175,000원
2. 채권할인료 : 근저당권 채권최고액 1% x 일별 채권할인율
3. 근저당권 말소 : 건당 50,000원
4. 근저당권 설정등기 경정(주소변경)
- 1건 : 30,000원
- 2건 이상 : 1건당 10,000원 추가","중도상환금액 x 중도상환수수료율 x 대출잔여일수 / 대출기간 (대출 실행후 3년간 부과)
- 중도상환수수료율 : 1%",,최대 10억원,아파트,분할상환방식,,5.25,5.63,,"상품명: 하나생명 아파트담보대출
금융회사: 하나생명보험주식회사
담보유형: 아파트
상환방식: 분할상환방식
금리유형: nan
최저금리: 5.25%
최고금리: 5.63%
평균금리: nan%
대출한도: 최대 10억원
가입방법: 스마트폰
부대비용: 1. 인지세
- 대출금액 5천 ~ 1억 : 35,000원
- 1억 ~ 10억 : 75,000원
- 10억 초과 : 175,000원
2. 채권할인료 : 근저당권 채권최고액 1% x 일별 채권할인율
3. 근저당권 말소 : 건당 50,000원
4. 근저당권 설정등기 경정(주소변경)
- 1건 : 30,000원
- 2건 이상 : 1건당 10,000원 추가
중도상환수수료: 중도상환금액 x 중도상환수수료율 x 대출잔여일수 / 대출기간 (대출 실행후 3년간 부과)
- 중도상환수수료율 : 1%
연체금리: nan"
동양생명보험주식회사,아파트담보대출,모집인,"인지세(50%), 
주택채권매입비용(실비),
근저당권말소및변경비용(해당시),
확인서명비용(해당시)",1.35%(3년이내),,최대 LTV 80% 적용,아파트,분할상환방식,,4.29,4.49,4.35,"상품명: 아파트담보대출
금융회사: 동양생명보험주식회사
담보유형: 아파트
상환방식: 분할상환방식
금리유형: nan
최저금리: 4.29%
최고금리: 4.49%
평균금리: 4.35%
대출한도: 최대 LTV 80% 적용
가입방법: 모집인
부대비용: 인지세(50%), 
주택채권매입비용(실비),
근저당권말소및변경비용(해당시),
확인서명비용(해당시)
중도상환수수료: 1.35%(3년이내)
연체금리: nan"
삼성화재해상보험주식회사,삼성아파트,"영업점,인터넷,모집인","인지세(50%)
주택채권매입비","0.6~0.98%
중도상환금액×수수료율×잔여부과일/총부과일",,LTV 30~70%,아파트,분할상환방식,,3.31,5.83,4.75,"상품명: 삼성아파트
금융회사: 삼성화재해상보험주식회사
담보유형: 아파트
상환방식: 분할상환방식
금리유형: nan
최저금리: 3.31%
최고금리: 5.83%
평균금리: 4.75%
대출한도: LTV 30~70%
가입방법: 영업점,인터넷,모집인
부대비용: 인지세(50%)
주택채권매입비
중도상환수수료: 0.6~0.98%
중도상환금액×수수료율×잔여부과일/총부과일
연체금리: nan"
삼성화재해상보험주식회사,삼성주택,"영업점,인터넷,모집인","인지세(50%)
주택채권매입비","0.6~0.98%
중도상환금액×수수료율×잔여부과일/총부과일",,LTV 30~70%,아파트외,분할상환방식,,3.35,5.87,4.87,"상품명: 삼성주택
금융회사: 삼성화재해상보험주식회사
담보유형: 아파트외
상환방식: 분할상환방식
금리유형: nan
최저금리: 3.35%
최고금리: 5.87%
평균금리: 4.87%
대출한도: LTV 30~70%
가입방법: 영업점,인터넷,모집인
부대비용: 인지세(50%)
주택채권매입비
중도상환수수료: 0.6~0.98%
중도상환금액×수수료율×잔여부과일/총부과일
연체금리: nan"
현대해상화재보험주식회사,현대해상_아파트론(3년고정),"영업점,모집인","인지세 50%
국민주택채권매입비용",중도상환금액 × 1.1% × 대출잔여일수 ÷ 3년,,"LTV 30% ~ 70%
(지역별 차등 적용)",아파트,분할상환방식,,4.69,5.29,4.68,"상품명: 현대해상_아파트론(3년고정)
금융회사: 현대해상화재보험주식회사
담보유형: 아파트
상환방식: 분할상환방식
금리유형: nan
최저금리: 4.69%
최고금리: 5.29%
평균금리: 4.68%
대출한도: LTV 30% ~ 70%
(지역별 차등 적용)
가입방법: 영업점,모집인
부대비용: 인지세 50%
국민주택채권매입비용
중도상환수수료: 중도상환금액 × 1.1% × 대출잔여일수 ÷ 3년
연체금리: nan"
현대해상화재보험주식회사,현대해상_아파트론(5년고정),"영업점,모집인","인지세 50%
국민주택채권매입비용",중도상환금액 × 1.1% × 대출잔여일수 ÷ 3년,,"LTV 30% ~ 70%
(지역별 차등 적용)",아파트,분할상환방식,,4.69,5.29,4.8,"상품명: 현대해상_아파트론(5년고정)
금융회사: 현대해상화재보험주식회사
담보유형: 아파트
상환방식: 분할상환방식
금리유형: nan
최저금리: 4.69%
최고금리: 5.29%
평균금리: 4.8%
대출한도: LTV 30% ~ 70%
(지역별 차등 적용)
가입방법: 영업점,모집인
부대비용: 인지세 50%
국민주택채권매입비용
중도상환수수료: 중도상환금액 × 1.1% × 대출잔여일수 ÷ 3년
연체금리: nan"
현대해상화재보험주식회사,HI 모바일 아파트론(5년고정),"인터넷,스마트폰","인지세 50%
국민주택채권매입비용",중도상환금액 × 0.4% × 대출잔여일수 ÷ 3년,,"LTV 30% ~ 70%
(지역별 차등 적용)",아파트,분할상환방식,,4.49,4.59,4.47,"상품명: HI 모바일 아파트론(5년고정)
금융회사: 현대해상화재보험주식회사
담보유형: 아파트
상환방식: 분할상환방식
금리유형: nan
최저금리: 4.49%
최고금리: 4.59%
평균금리: 4.47%
대출한도: LTV 30% ~ 70%
(지역별 차등 적용)
가입방법: 인터넷,스마트폰
부대비용: 인지세 50%
국민주택채권매입비용
중도상환수수료: 중도상환금액 × 0.4% × 대출잔여일수 ÷ 3년
연체금리: nan"
현대해상화재보험주식회사,현대해상_주택론(3년고정),"영업점,모집인","인지세 50%
국민주택채권매입비용",중도상환금액 × 1.1% × 대출잔여일수 ÷ 3년,,"LTV 30% ~ 70%
(지역별 차등 적용)",아파트외,분할상환방식,,4.98,5.28,,"상품명: 현대해상_주택론(3년고정)
금융회사: 현대해상화재보험주식회사
담보유형: 아파트외
상환방식: 분할상환방식
금리유형: nan
최저금리: 4.98%
최고금리: 5.28%
평균금리: nan%
대출한도: LTV 30% ~ 70%
(지역별 차등 적용)
가입방법: 영업점,모집인
부대비용: 인지세 50%
국민주택채권매입비용
중도상환수수료: 중도상환금액 × 1.1% × 대출잔여일수 ÷ 3년
연체금리: nan"
현대해상화재보험주식회사,현대해상_주택론(5년고정),"영업점,모집인","인지세 50%
국민주택채권매입비용",중도상환금액 × 1.1% × 대출잔여일수 ÷ 3년,,"LTV 30% ~ 70%
(지역별 차등 적용)",아파트외,분할상환방식,,4.98,5.28,5.13,"상품명: 현대해상_주택론(5년고정)
금융회사: 현대해상화재보험주식회사
담보유형: 아파트외
상환방식: 분할상환방식
금리유형: nan
최저금리: 4.98%
최고금리: 5.28%
평균금리: 5.13%
대출한도: LTV 30% ~ 70%
(지역별 차등 적용)
가입방법: 영업점,모집인
부대비용: 인지세 50%
국민주택채권매입비용
중도상환수수료: 중도상환금액 × 1.1% × 대출잔여일수 ÷ 3년
연체금리: nan"
주식회사KB손해보험,부동산담보(KB손보희망모기지론),"영업점,모집인","- 인지세 : 해당세액의 50%
- 국민주택채권매입비","- 중도상환원금 × 수수료율 × 잔여중도수수료약정기간 ÷ 3년
※ 수수료율 : 0.95% (25년적용)",,LTV 30%~70%,아파트,분할상환방식,,3.75,5.35,,"상품명: 부동산담보(KB손보희망모기지론)
금융회사: 주식회사KB손해보험
담보유형: 아파트
상환방식: 분할상환방식
금리유형: nan
최저금리: 3.75%
최고금리: 5.35%
평균금리: nan%
대출한도: LTV 30%~70%
가입방법: 영업점,모집인
부대비용: - 인지세 : 해당세액의 50%
- 국민주택채권매입비
중도상환수수료: - 중도상환원금 × 수수료율 × 잔여중도수수료약정기간 ÷ 3년
※ 수수료율 : 0.95% (25년적용)
연체금리: nan"
주식회사KB손해보험,부동산담보(KB손보희망모기지론MI),"영업점,모집인","- 인지세 : 해당세액의 50%
- 국민주택채권매입비","- 중도상환원금 × 수수료율 × 잔여중도수수료약정기간 ÷ 3년
※ 수수료율 : 0.95% (25년적용)",,LTV 30%~70%,아파트,분할상환방식,,4.36,5.79,4.77,"상품명: 부동산담보(KB손보희망모기지론MI)
금융회사: 주식회사KB손해보험
담보유형: 아파트
상환방식: 분할상환방식
금리유형: nan
최저금리: 4.36%
최고금리: 5.79%
평균금리: 4.77%
대출한도: LTV 30%~70%
가입방법: 영업점,모집인
부대비용: - 인지세 : 해당세액의 50%
- 국민주택채권매입비
중도상환수수료: - 중도상환원금 × 수수료율 × 잔여중도수수료약정기간 ÷ 3년
※ 수수료율 : 0.95% (25년적용)
연체금리: nan"
푸본현대생명보험주식회사,푸본현대생명 주택담보대출(가계),모집인,"인지세 50%, 
주택채권매입비용(실비), 
근저당권말소및변경비용(해당시), 
확인서면비용(해당시)","일반상품 : 1.65% x {(3년-경과일수)/3년}
단기상품 : 1.0% x {(1년-경과일수)/1년},최저 0.5%",,최대 시세의 70% 까지,아파트,분할상환방식,,5.04,6.51,5.74,"상품명: 푸본현대생명 주택담보대출(가계)
금융회사: 푸본현대생명보험주식회사
담보유형: 아파트
상환방식: 분할상환방식
금리유형: nan
최저금리: 5.04%
최고금리: 6.51%
평균금리: 5.74%
대출한도: 최대 시세의 70% 까지
가입방법: 모집인
부대비용: 인지세 50%, 
주택채권매입비용(실비), 
근저당권말소및변경비용(해당시), 
확인서면비용(해당시)
중도상환수수료: 일반상품 : 1.65% x {(3년-경과일수)/3년}
단기상품 : 1.0% x {(1년-경과일수)/1년},최저 0.5%
연체금리: nan"
농협생명보험주식회사,주택담보대출,"영업점,모집인","- 인지세 : 해당세액의 50%
- 국민주택채권매입액 : 대출금액 X 120% X 1% X 채권할인율","- 고정금리 : 중도상환원금 X 0.96% X (대출잔여일수/3년)
- 변동금리 : 중도상환원금 X 0.96% X (대출잔여일수/3년)",,담보가액 X 지역별 LTV - 선순위채권금액,아파트,분할상환방식,,4.0,5.5,,"상품명: 주택담보대출
금융회사: 농협생명보험주식회사
담보유형: 아파트
상환방식: 분할상환방식
금리유형: nan
최저금리: 4.0%
최고금리: 5.5%
평균금리: nan%
대출한도: 담보가액 X 지역별 LTV - 선순위채권금액
가입방법: 영업점,모집인
부대비용: - 인지세 : 해당세액의 50%
- 국민주택채권매입액 : 대출금액 X 120% X 1% X 채권할인율
중도상환수수료: - 고정금리 : 중도상환원금 X 0.96% X (대출잔여일수/3년)
- 변동금리 : 중도상환원금 X 0.96% X (대출잔여일수/3년)
연체금리: nan"
농협손해보험주식회사,헤아림아파트론Ⅰ,영업점,"- 인지세 : 해당 세액의 50%
- 국민주택채권매입비
- 근저당권 말소비용","- 중도상환원금 X 0.91%(변동), 1.18%(고정) X (잔여기간/대출기간)
- 대출일로부터 1년 경과후 최초대출금액의 50%까지 면제
- 대출일로부터 3년 경과시 전액 면제",,"LTV 30% ~ 70% 
 - 지역별 차등적용",아파트,분할상환방식,,4.05,5.86,,"상품명: 헤아림아파트론Ⅰ
금융회사: 농협손해보험주식회사
담보유형: 아파트
상환방식: 분할상환방식
금리유형: nan
최저금리: 4.05%
최고금리: 5.86%
평균금리: nan%
대출한도: LTV 30% ~ 70% 
 - 지역별 차등적용
가입방법: 영업점
부대비용: - 인지세 : 해당 세액의 50%
- 국민주택채권매입비
- 근저당권 말소비용
중도상환수수료: - 중도상환원금 X 0.91%(변동), 1.18%(고정) X (잔여기간/대출기간)
- 대출일로부터 1년 경과후 최초대출금액의 50%까지 면제
- 대출일로부터 3년 경과시 전액 면제
연체금리: nan"
